generator,seed,w_conf,level,delta_auc
linear,1,0.0,L0_null,0.008872712275896422
linear,1,0.0,L1_redundant,0.0
linear,1,0.0,a025,0.06466993668471271
linear,1,0.0,a045,0.11302728852734228
linear,1,0.0,a070,0.16294016223412805
linear,1,0.0,a100,0.20061456542780493
linear,1,0.0,a150,0.22968050931355238
linear,1,0.0,a200,0.251392677776796
linear,1,0.0,a300,0.2657683906511053
linear,1,0.2,L0_null,0.0007476709751876864
linear,1,0.2,L1_redundant,0.0
linear,1,0.2,a025,0.024777115373815328
linear,1,0.2,a045,0.07183333324900798
linear,1,0.2,a070,0.11526440306991603
linear,1,0.2,a100,0.15164047436061556
linear,1,0.2,a150,0.18913204393082428
linear,1,0.2,a200,0.2024039310468002
linear,1,0.2,a300,0.2139716444106694
linear,1,0.4,L0_null,-0.0010224887959109363
linear,1,0.4,L1_redundant,0.0
linear,1,0.4,a025,0.02141801253478859
linear,1,0.4,a045,0.05297085187583239
linear,1,0.4,a070,0.09502351603811043
linear,1,0.4,a100,0.11974045402482725
linear,1,0.4,a150,0.14944643763458476
linear,1,0.4,a200,0.18055980897148516
linear,1,0.4,a300,0.19374093367493628
linear,1,0.6,L0_null,-0.0017837108725636819
linear,1,0.6,L1_redundant,0.0
linear,1,0.6,a025,0.018570495292325906
linear,1,0.6,a045,0.04386458927115611
linear,1,0.6,a070,0.08270437629204164
linear,1,0.6,a100,0.10110783511469612
linear,1,0.6,a150,0.13209944660919137
linear,1,0.6,a200,0.15216425828255298
linear,1,0.6,a300,0.159704634843173
linear,1,0.8,L0_null,-0.001084690345588224
linear,1,0.8,L1_redundant,0.0
linear,1,0.8,a025,0.016483286744673364
linear,1,0.8,a045,0.027088426757783557
linear,1,0.8,a070,0.0686097066836544
linear,1,0.8,a100,0.09309346622126613
linear,1,0.8,a150,0.11191843847526006
linear,1,0.8,a200,0.1346298485614762
linear,1,0.8,a300,0.14013985834184972
linear,1,1.0,L0_null,-0.0012307892223851757
linear,1,1.0,L1_redundant,0.0
linear,1,1.0,a025,0.005756598302145588
linear,1,1.0,a045,0.026553261882502177
linear,1,1.0,a070,0.04779997756624843
linear,1,1.0,a100,0.07563948710835444
linear,1,1.0,a150,0.10053982466621025
linear,1,1.0,a200,0.10704210735050879
linear,1,1.0,a300,0.12367325391050821
linear,1,1.2,L0_null,-0.0007788488632636259
linear,1,1.2,L1_redundant,0.0
linear,1,1.2,a025,0.007176271360110564
linear,1,1.2,a045,0.02332986676002391
linear,1,1.2,a070,0.03329787650828575
linear,1,1.2,a100,0.054251014230111694
linear,1,1.2,a150,0.07816258471590254
linear,1,1.2,a200,0.0912898139000129
linear,1,1.2,a300,0.10292175372277812
linear,1,1.4,L0_null,0.000165290686496955
linear,1,1.4,L1_redundant,0.0
linear,1,1.4,a025,0.008071527976953652
linear,1,1.4,a045,0.020488896742356433
linear,1,1.4,a070,0.03481964942572768
linear,1,1.4,a100,0.04506679411690573
linear,1,1.4,a150,0.07007572646071891
linear,1,1.4,a200,0.0804231993379344
linear,1,1.4,a300,0.0836896342548521
linear,1,1.6,L0_null,-0.0007587696443104308
linear,1,1.6,L1_redundant,0.0
linear,1,1.6,a025,0.0025450095681945895
linear,1,1.6,a045,0.011382682155585688
linear,1,1.6,a070,0.03522575592907673
linear,1,1.6,a100,0.054063616834410744
linear,1,1.6,a150,0.06724069093221285
linear,1,1.6,a200,0.07579121025369706
linear,1,1.6,a300,0.08339192464855627
linear,1,1.8,L0_null,-0.0005647803921942085
linear,1,1.8,L1_redundant,0.0
linear,1,1.8,a025,0.0032616832891969594
linear,1,1.8,a045,0.01261401180110533
linear,1,1.8,a070,0.026080160459850177
linear,1,1.8,a100,0.04301207796705553
linear,1,1.8,a150,0.053919629644992306
linear,1,1.8,a200,0.06696511342584399
linear,1,1.8,a300,0.07250572089241414
linear,1,2.0,L0_null,-0.0013084991749946484
linear,1,2.0,L1_redundant,0.0
linear,1,2.0,a025,0.005180478063718352
linear,1,2.0,a045,0.01214696746406907
linear,1,2.0,a070,0.024081245571332843
linear,1,2.0,a100,0.0409334456091357
linear,1,2.0,a150,0.0537274219040319
linear,1,2.0,a200,0.0636262288665923
linear,1,2.0,a300,0.07060959237814013
linear,10,0.0,L0_null,0.005854694783186676
linear,10,0.0,L1_redundant,0.0
linear,10,0.0,a025,0.06949730881121974
linear,10,0.0,a045,0.11180326317538725
linear,10,0.0,a070,0.16441146465910572
linear,10,0.0,a100,0.2017335651301535
linear,10,0.0,a150,0.23451906092026653
linear,10,0.0,a200,0.25563825078371183
linear,10,0.0,a300,0.27226776635947336
linear,10,0.2,L0_null,-0.003643331773230729
linear,10,0.2,L1_redundant,0.0
linear,10,0.2,a025,0.04753825659294808
linear,10,0.2,a045,0.07753867564962624
linear,10,0.2,a070,0.13266368833492637
linear,10,0.2,a100,0.1743407683076018
linear,10,0.2,a150,0.20093067186902824
linear,10,0.2,a200,0.21743039746263693
linear,10,0.2,a300,0.22766547816134086
linear,10,0.4,L0_null,-0.0013449127559557184
linear,10,0.4,L1_redundant,0.0
linear,10,0.4,a025,0.02832921679547451
linear,10,0.4,a045,0.06124783682575097
linear,10,0.4,a070,0.11284812365548569
linear,10,0.4,a100,0.15382257987411363
linear,10,0.4,a150,0.17790327463947087
linear,10,0.4,a200,0.195995219504422
linear,10,0.4,a300,0.21403668233606876
linear,10,0.6,L0_null,0.00014814873620927482
linear,10,0.6,L1_redundant,0.0
linear,10,0.6,a025,0.022325131032243317
linear,10,0.6,a045,0.04629731236168666
linear,10,0.6,a070,0.08005793806409678
linear,10,0.6,a100,0.12103982230346577
linear,10,0.6,a150,0.1435969719269028
linear,10,0.6,a200,0.1638898915569178
linear,10,0.6,a300,0.176780240108511
linear,10,0.8,L0_null,-0.0011868278870139637
linear,10,0.8,L1_redundant,0.0
linear,10,0.8,a025,0.010335424158924744
linear,10,0.8,a045,0.04370136006820202
linear,10,0.8,a070,0.0668527606070457
linear,10,0.8,a100,0.10225741849366521
linear,10,0.8,a150,0.1200724425119607
linear,10,0.8,a200,0.13086734491285723
linear,10,0.8,a300,0.14808132853122902
linear,10,1.0,L0_null,0.0013364160630363608
linear,10,1.0,L1_redundant,0.0
linear,10,1.0,a025,0.011041366038661127
linear,10,1.0,a045,0.02957623463836989
linear,10,1.0,a070,0.06029580858482997
linear,10,1.0,a100,0.08470595909847034
linear,10,1.0,a150,0.10233517899714806
linear,10,1.0,a200,0.11829369136387058
linear,10,1.0,a300,0.1276062393909323
linear,10,1.2,L0_null,-0.0005616457988086854
linear,10,1.2,L1_redundant,0.0
linear,10,1.2,a025,0.008374981581247387
linear,10,1.2,a045,0.02410875945411861
linear,10,1.2,a070,0.037032163683669794
linear,10,1.2,a100,0.06149718722939579
linear,10,1.2,a150,0.07865879689717181
linear,10,1.2,a200,0.08795219299219459
linear,10,1.2,a300,0.09898389040388034
linear,10,1.4,L0_null,-0.0006255026589305768
linear,10,1.4,L1_redundant,0.0
linear,10,1.4,a025,0.010475536955939058
linear,10,1.4,a045,0.019718379111975715
linear,10,1.4,a070,0.035782721503808346
linear,10,1.4,a100,0.05490735326072549
linear,10,1.4,a150,0.07228339457540023
linear,10,1.4,a200,0.08968939855582514
linear,10,1.4,a300,0.09422784609791979
linear,10,1.6,L0_null,-0.0012337243766867845
linear,10,1.6,L1_redundant,0.0
linear,10,1.6,a025,0.009013467300154177
linear,10,1.6,a045,0.020807771936447783
linear,10,1.6,a070,0.03888490895289798
linear,10,1.6,a100,0.05420028555134293
linear,10,1.6,a150,0.0738595517125048
linear,10,1.6,a200,0.08551755678897321
linear,10,1.6,a300,0.09003062849408827
linear,10,1.8,L0_null,-0.0006052444544195623
linear,10,1.8,L1_redundant,0.0
linear,10,1.8,a025,0.005526004064888679
linear,10,1.8,a045,0.008803725732241086
linear,10,1.8,a070,0.02919001483809036
linear,10,1.8,a100,0.034741829698624604
linear,10,1.8,a150,0.05356974525866909
linear,10,1.8,a200,0.06146747465679114
linear,10,1.8,a300,0.06922206012543797
linear,10,2.0,L0_null,0.0005411379462902932
linear,10,2.0,L1_redundant,0.0
linear,10,2.0,a025,0.007040872791862829
linear,10,2.0,a045,0.014014681208638247
linear,10,2.0,a070,0.029634537785867554
linear,10,2.0,a100,0.04590540642721175
linear,10,2.0,a150,0.05873908335728206
linear,10,2.0,a200,0.06707976379661129
linear,10,2.0,a300,0.07264477704040051
linear,11,0.0,L0_null,0.0002453784600451314
linear,11,0.0,L1_redundant,0.0
linear,11,0.0,a025,0.06959377706470371
linear,11,0.0,a045,0.12372416710101197
linear,11,0.0,a070,0.16486509588427378
linear,11,0.0,a100,0.19448564106166588
linear,11,0.0,a150,0.23478100893531284
linear,11,0.0,a200,0.24612933287025007
linear,11,0.0,a300,0.26100211678835705
linear,11,0.2,L0_null,-0.0017722132974959948
linear,11,0.2,L1_redundant,0.0
linear,11,0.2,a025,0.04597976930200731
linear,11,0.2,a045,0.08588293725843288
linear,11,0.2,a070,0.14049669933462594
linear,11,0.2,a100,0.1774144103920402
linear,11,0.2,a150,0.2116508716317811
linear,11,0.2,a200,0.2279698942531191
linear,11,0.2,a300,0.24333043588758496
linear,11,0.4,L0_null,-0.00010543992214728792
linear,11,0.4,L1_redundant,0.0
linear,11,0.4,a025,0.031055761050912567
linear,11,0.4,a045,0.05764341280136964
linear,11,0.4,a070,0.09853817548684785
linear,11,0.4,a100,0.12481654503006956
linear,11,0.4,a150,0.161247396257426
linear,11,0.4,a200,0.18465271312106002
linear,11,0.4,a300,0.193811417365659
linear,11,0.6,L0_null,-0.0012569528797765628
linear,11,0.6,L1_redundant,0.0
linear,11,0.6,a025,0.01827135673672242
linear,11,0.6,a045,0.03791126093098551
linear,11,0.6,a070,0.08216969518861761
linear,11,0.6,a100,0.11387108243403721
linear,11,0.6,a150,0.14522990027794835
linear,11,0.6,a200,0.15428772196414864
linear,11,0.6,a300,0.17046918290400725
linear,11,0.8,L0_null,-0.0002921607913752844
linear,11,0.8,L1_redundant,0.0
linear,11,0.8,a025,0.012648200115471853
linear,11,0.8,a045,0.043702903058811526
linear,11,0.8,a070,0.06244358810251627
linear,11,0.8,a100,0.09038012729756484
linear,11,0.8,a150,0.11630175162205192
linear,11,0.8,a200,0.13058804134908164
linear,11,0.8,a300,0.14386917363003926
linear,11,1.0,L0_null,0.002037438370572797
linear,11,1.0,L1_redundant,0.0
linear,11,1.0,a025,0.015188154060446712
linear,11,1.0,a045,0.03008569500020819
linear,11,1.0,a070,0.05290593612225436
linear,11,1.0,a100,0.0792704238785561
linear,11,1.0,a150,0.09773549574331697
linear,11,1.0,a200,0.1054944507242106
linear,11,1.0,a300,0.12063037245677322
linear,11,1.2,L0_null,-0.0018510115424167362
linear,11,1.2,L1_redundant,0.0
linear,11,1.2,a025,0.010475530495933527
linear,11,1.2,a045,0.026510351937538923
linear,11,1.2,a070,0.05177189364896595
linear,11,1.2,a100,0.06286618630408491
linear,11,1.2,a150,0.08710255050474403
linear,11,1.2,a200,0.09910732149956847
linear,11,1.2,a300,0.10280075748068629
linear,11,1.4,L0_null,0.00010378987546577623
linear,11,1.4,L1_redundant,0.0
linear,11,1.4,a025,0.001243235747176774
linear,11,1.4,a045,0.020792239457820605
linear,11,1.4,a070,0.04006438710209559
linear,11,1.4,a100,0.0632484038101474
linear,11,1.4,a150,0.08150408350238114
linear,11,1.4,a200,0.08695884575690671
linear,11,1.4,a300,0.09897903407136288
linear,11,1.6,L0_null,0.00042717803238856433
linear,11,1.6,L1_redundant,0.0
linear,11,1.6,a025,0.006517780816378105
linear,11,1.6,a045,0.016768677214568983
linear,11,1.6,a070,0.03003309315934566
linear,11,1.6,a100,0.051789392971757664
linear,11,1.6,a150,0.06264301830434083
linear,11,1.6,a200,0.0774847647342638
linear,11,1.6,a300,0.08298765362893623
linear,11,1.8,L0_null,-0.0019285031827376287
linear,11,1.8,L1_redundant,0.0
linear,11,1.8,a025,0.006764278889702213
linear,11,1.8,a045,0.012890769440756289
linear,11,1.8,a070,0.02846757082056295
linear,11,1.8,a100,0.041180032509833486
linear,11,1.8,a150,0.05434254445285447
linear,11,1.8,a200,0.06719807422665047
linear,11,1.8,a300,0.07776823714806846
linear,11,2.0,L0_null,-0.00037392377937672805
linear,11,2.0,L1_redundant,0.0
linear,11,2.0,a025,0.006642246044566202
linear,11,2.0,a045,0.017562427347536658
linear,11,2.0,a070,0.030781899962966097
linear,11,2.0,a100,0.04170393543343753
linear,11,2.0,a150,0.05486629968983492
linear,11,2.0,a200,0.06778280133559378
linear,11,2.0,a300,0.07749715570705329
linear,12,0.0,L0_null,0.008142964913452011
linear,12,0.0,L1_redundant,0.0
linear,12,0.0,a025,0.07217921927299997
linear,12,0.0,a045,0.11464323128999432
linear,12,0.0,a070,0.15924923897264665
linear,12,0.0,a100,0.1961600065949327
linear,12,0.0,a150,0.23373791880260508
linear,12,0.0,a200,0.24435324306189987
linear,12,0.0,a300,0.2576555334805757
linear,12,0.2,L0_null,0.0005754078007645935
linear,12,0.2,L1_redundant,0.0
linear,12,0.2,a025,0.04195596858059525
linear,12,0.2,a045,0.08269044019126992
linear,12,0.2,a070,0.12803210777986762
linear,12,0.2,a100,0.16773008321962857
linear,12,0.2,a150,0.192776487074529
linear,12,0.2,a200,0.21748890609826554
linear,12,0.2,a300,0.2368052021487137
linear,12,0.4,L0_null,7.53742292605164e-05
linear,12,0.4,L1_redundant,0.0
linear,12,0.4,a025,0.013659779919876103
linear,12,0.4,a045,0.045102954000635576
linear,12,0.4,a070,0.08381652170279097
linear,12,0.4,a100,0.11973455140781253
linear,12,0.4,a150,0.16240734935349244
linear,12,0.4,a200,0.16880809860110724
linear,12,0.4,a300,0.1814952100750472
linear,12,0.6,L0_null,0.0005980397231656331
linear,12,0.6,L1_redundant,0.0
linear,12,0.6,a025,0.012892772485844861
linear,12,0.6,a045,0.041829091706268584
linear,12,0.6,a070,0.06831829238019438
linear,12,0.6,a100,0.09138831405298664
linear,12,0.6,a150,0.12229801681716224
linear,12,0.6,a200,0.14093647069759052
linear,12,0.6,a300,0.15302353711725414
linear,12,0.8,L0_null,-0.000784114223416621
linear,12,0.8,L1_redundant,0.0
linear,12,0.8,a025,0.01888179773855425
linear,12,0.8,a045,0.039790713243135434
linear,12,0.8,a070,0.07499643498629571
linear,12,0.8,a100,0.09928560020167987
linear,12,0.8,a150,0.12876540019843263
linear,12,0.8,a200,0.14137164106800149
linear,12,0.8,a300,0.15807415505399391
linear,12,1.0,L0_null,-0.0013207499999999817
linear,12,1.0,L1_redundant,0.0
linear,12,1.0,a025,0.004596749999999927
linear,12,1.0,a045,0.020212125000000025
linear,12,1.0,a070,0.04840337500000014
linear,12,1.0,a100,0.06659025000000018
linear,12,1.0,a150,0.09211775000000011
linear,12,1.0,a200,0.10257287500000012
linear,12,1.0,a300,0.112319375
linear,12,1.2,L0_null,-0.0005678571210738781
linear,12,1.2,L1_redundant,0.0
linear,12,1.2,a025,0.007416248854358876
linear,12,1.2,a045,0.02572422632579152
linear,12,1.2,a070,0.034582025666594296
linear,12,1.2,a100,0.06194795904408312
linear,12,1.2,a150,0.07827291770888933
linear,12,1.2,a200,0.08700076465284856
linear,12,1.2,a300,0.09845910563623717
linear,12,1.4,L0_null,-0.0017106781445312969
linear,12,1.4,L1_redundant,0.0
linear,12,1.4,a025,0.010293659249049236
linear,12,1.4,a045,0.019440501519036202
linear,12,1.4,a070,0.03466487944132346
linear,12,1.4,a100,0.057800132145081395
linear,12,1.4,a150,0.0767789478343065
linear,12,1.4,a200,0.08206538336299751
linear,12,1.4,a300,0.09387864782071265
linear,12,1.6,L0_null,0.0007254647943025772
linear,12,1.6,L1_redundant,0.0
linear,12,1.6,a025,0.0037436861426920487
linear,12,1.6,a045,0.01742753012359821
linear,12,1.6,a070,0.03746985965456806
linear,12,1.6,a100,0.05295148677484385
linear,12,1.6,a150,0.06880837569449794
linear,12,1.6,a200,0.07627168160332676
linear,12,1.6,a300,0.09015549980591842
linear,12,1.8,L0_null,0.00030375000000015806
linear,12,1.8,L1_redundant,0.0
linear,12,1.8,a025,0.0028082500000000676
linear,12,1.8,a045,0.015324875000000016
linear,12,1.8,a070,0.02920337500000003
linear,12,1.8,a100,0.04235800000000001
linear,12,1.8,a150,0.05544225000000014
linear,12,1.8,a200,0.06293162500000016
linear,12,1.8,a300,0.07242837499999988
linear,12,2.0,L0_null,-0.0015393800686601677
linear,12,2.0,L1_redundant,0.0
linear,12,2.0,a025,0.003795711229414356
linear,12,2.0,a045,0.012966814269366744
linear,12,2.0,a070,0.02147544653962874
linear,12,2.0,a100,0.039685432111050245
linear,12,2.0,a150,0.04751492611572716
linear,12,2.0,a200,0.05882357331210497
linear,12,2.0,a300,0.06280436837653602
linear,13,0.0,L0_null,0.0012036019305098344
linear,13,0.0,L1_redundant,0.0
linear,13,0.0,a025,0.0336350929135697
linear,13,0.0,a045,0.10457455261410431
linear,13,0.0,a070,0.16754850873016236
linear,13,0.0,a100,0.1853748459186807
linear,13,0.0,a150,0.22524587497175497
linear,13,0.0,a200,0.24161347678162015
linear,13,0.0,a300,0.25740072416365933
linear,13,0.2,L0_null,-0.0017562448965873223
linear,13,0.2,L1_redundant,0.0
linear,13,0.2,a025,0.04062689565404631
linear,13,0.2,a045,0.0757080254146345
linear,13,0.2,a070,0.12141779779380824
linear,13,0.2,a100,0.15818933207889652
linear,13,0.2,a150,0.19392560489430988
linear,13,0.2,a200,0.21096810303604374
linear,13,0.2,a300,0.2226207202033753
linear,13,0.4,L0_null,-0.003653965831859507
linear,13,0.4,L1_redundant,0.0
linear,13,0.4,a025,0.017742057813502132
linear,13,0.4,a045,0.050853651002376266
linear,13,0.4,a070,0.09776377140406023
linear,13,0.4,a100,0.13063703244582026
linear,13,0.4,a150,0.16224303952094488
linear,13,0.4,a200,0.1833164734476893
linear,13,0.4,a300,0.19662125882569814
linear,13,0.6,L0_null,-0.00024402712927307224
linear,13,0.6,L1_redundant,0.0
linear,13,0.6,a025,0.020610563561383244
linear,13,0.6,a045,0.04005886891132804
linear,13,0.6,a070,0.07914943718222411
linear,13,0.6,a100,0.10725370331927708
linear,13,0.6,a150,0.14028362421805052
linear,13,0.6,a200,0.15713215450920381
linear,13,0.6,a300,0.16809775957316953
linear,13,0.8,L0_null,-0.0019391800349812804
linear,13,0.8,L1_redundant,0.0
linear,13,0.8,a025,0.016841229165297844
linear,13,0.8,a045,0.03361987991201476
linear,13,0.8,a070,0.06676704245007037
linear,13,0.8,a100,0.08789877315010375
linear,13,0.8,a150,0.11672276821892458
linear,13,0.8,a200,0.12751429134634362
linear,13,0.8,a300,0.1392273442657832
linear,13,1.0,L0_null,-0.005172888462315672
linear,13,1.0,L1_redundant,0.0
linear,13,1.0,a025,0.012189710042432744
linear,13,1.0,a045,0.02547812689432205
linear,13,1.0,a070,0.05157797029702971
linear,13,1.0,a100,0.08242397454031114
linear,13,1.0,a150,0.09905511214386742
linear,13,1.0,a200,0.11488356233582542
linear,13,1.0,a300,0.12500315720347532
linear,13,1.2,L0_null,0.00025245706252707834
linear,13,1.2,L1_redundant,0.0
linear,13,1.2,a025,0.007527011713078791
linear,13,1.2,a045,0.024082344940708822
linear,13,1.2,a070,0.05289107274918703
linear,13,1.2,a100,0.07278509099815433
linear,13,1.2,a150,0.08812634553274667
linear,13,1.2,a200,0.10219690370388768
linear,13,1.2,a300,0.11272653501991214
linear,13,1.4,L0_null,0.00019989825166588648
linear,13,1.4,L1_redundant,0.0
linear,13,1.4,a025,0.006672705388939271
linear,13,1.4,a045,0.023494310779119343
linear,13,1.4,a070,0.03372312044769277
linear,13,1.4,a100,0.05665868397215579
linear,13,1.4,a150,0.07641585288679886
linear,13,1.4,a200,0.0873665793947217
linear,13,1.4,a300,0.09547219912893501
linear,13,1.6,L0_null,-0.0003827076057739687
linear,13,1.6,L1_redundant,0.0
linear,13,1.6,a025,0.0027848934938583536
linear,13,1.6,a045,0.018596944253839176
linear,13,1.6,a070,0.03748163671078086
linear,13,1.6,a100,0.05749835505607648
linear,13,1.6,a150,0.06833932476003413
linear,13,1.6,a200,0.07913599671373073
linear,13,1.6,a300,0.08521502065585373
linear,13,1.8,L0_null,0.00018760672683260093
linear,13,1.8,L1_redundant,0.0
linear,13,1.8,a025,0.0051791576222991464
linear,13,1.8,a045,0.015518427754220077
linear,13,1.8,a070,0.031244867713141944
linear,13,1.8,a100,0.04306829626874065
linear,13,1.8,a150,0.0612516794326633
linear,13,1.8,a200,0.06719140486644681
linear,13,1.8,a300,0.072980006094436
linear,13,2.0,L0_null,-5.49092859022382e-05
linear,13,2.0,L1_redundant,0.0
linear,13,2.0,a025,0.0033918851000930283
linear,13,2.0,a045,0.013044912827798516
linear,13,2.0,a070,0.029126284432079763
linear,13,2.0,a100,0.041487551916482346
linear,13,2.0,a150,0.05505731836898653
linear,13,2.0,a200,0.06002289865625576
linear,13,2.0,a300,0.06563094232249445
linear,14,0.0,L0_null,0.00023490706512629966
linear,14,0.0,L1_redundant,0.0
linear,14,0.0,a025,0.06406263722664446
linear,14,0.0,a045,0.11799258377312388
linear,14,0.0,a070,0.15525223754281475
linear,14,0.0,a100,0.19428822785012262
linear,14,0.0,a150,0.23167450438726062
linear,14,0.0,a200,0.24516812509481117
linear,14,0.0,a300,0.2623758473121542
linear,14,0.2,L0_null,-0.0022107717130205318
linear,14,0.2,L1_redundant,0.0
linear,14,0.2,a025,0.04328473293144541
linear,14,0.2,a045,0.07052338233829825
linear,14,0.2,a070,0.12659804452405798
linear,14,0.2,a100,0.15481965819544752
linear,14,0.2,a150,0.19851704539543724
linear,14,0.2,a200,0.21256760124024165
linear,14,0.2,a300,0.22585960144433948
linear,14,0.4,L0_null,-0.0028439247500685605
linear,14,0.4,L1_redundant,0.0
linear,14,0.4,a025,0.01938223496824698
linear,14,0.4,a045,0.05362340638352969
linear,14,0.4,a070,0.10355439756247764
linear,14,0.4,a100,0.1375341897759318
linear,14,0.4,a150,0.17014719691265023
linear,14,0.4,a200,0.18904945138266238
linear,14,0.4,a300,0.19909878732697728
linear,14,0.6,L0_null,-0.00038770053475933874
linear,14,0.6,L1_redundant,0.0
linear,14,0.6,a025,0.019117151911269614
linear,14,0.6,a045,0.053495246583481926
linear,14,0.6,a070,0.07822440087145976
linear,14,0.6,a100,0.10831946920182212
linear,14,0.6,a150,0.13861148247177668
linear,14,0.6,a200,0.1578292731233909
linear,14,0.6,a300,0.16526552287581708
linear,14,0.8,L0_null,-0.0010353578387596318
linear,14,0.8,L1_redundant,0.0
linear,14,0.8,a025,0.0163784439672382
linear,14,0.8,a045,0.03984034974530215
linear,14,0.8,a070,0.06689983353314999
linear,14,0.8,a100,0.0939033452790331
linear,14,0.8,a150,0.12110338385976205
linear,14,0.8,a200,0.13610314148083025
linear,14,0.8,a300,0.15038350843753534
linear,14,1.0,L0_null,0.000578686349363644
linear,14,1.0,L1_redundant,0.0
linear,14,1.0,a025,0.0095089259107064
linear,14,1.0,a045,0.029362936845770404
linear,14,1.0,a070,0.05182731005580443
linear,14,1.0,a100,0.07324347299641454
linear,14,1.0,a150,0.09227111179424763
linear,14,1.0,a200,0.1087804862747066
linear,14,1.0,a300,0.11955255951391353
linear,14,1.2,L0_null,-0.0016933767934275146
linear,14,1.2,L1_redundant,0.0
linear,14,1.2,a025,0.008914741834266104
linear,14,1.2,a045,0.021076765083952842
linear,14,1.2,a070,0.04187708085493702
linear,14,1.2,a100,0.054308567333870905
linear,14,1.2,a150,0.07884469137478145
linear,14,1.2,a200,0.09152418382581895
linear,14,1.2,a300,0.10356108132599862
linear,14,1.4,L0_null,0.001127195866180597
linear,14,1.4,L1_redundant,0.0
linear,14,1.4,a025,0.007350058162505446
linear,14,1.4,a045,0.022650953359328985
linear,14,1.4,a070,0.036985895279447734
linear,14,1.4,a100,0.06312835160498953
linear,14,1.4,a150,0.08213945380825449
linear,14,1.4,a200,0.09072987810160371
linear,14,1.4,a300,0.10119612456941462
linear,14,1.6,L0_null,0.0001658152706182081
linear,14,1.6,L1_redundant,0.0
linear,14,1.6,a025,0.00452429944599575
linear,14,1.6,a045,0.017896754923168112
linear,14,1.6,a070,0.03349828394847354
linear,14,1.6,a100,0.05063695528411438
linear,14,1.6,a150,0.06925170522264734
linear,14,1.6,a200,0.07219579506870832
linear,14,1.6,a300,0.08694305275594039
linear,14,1.8,L0_null,-0.0006556639979576895
linear,14,1.8,L1_redundant,0.0
linear,14,1.8,a025,0.0037010507253124603
linear,14,1.8,a045,0.014768193894497683
linear,14,1.8,a070,0.02957039629537317
linear,14,1.8,a100,0.04413804002726174
linear,14,1.8,a150,0.052907733546853186
linear,14,1.8,a200,0.06092223817482345
linear,14,1.8,a300,0.06803476719614476
linear,14,2.0,L0_null,0.00020532619952196018
linear,14,2.0,L1_redundant,0.0
linear,14,2.0,a025,0.004212030068347583
linear,14,2.0,a045,0.01401651403875237
linear,14,2.0,a070,0.025456531748610955
linear,14,2.0,a100,0.03723530609903469
linear,14,2.0,a150,0.05200211365948648
linear,14,2.0,a200,0.05844076421274269
linear,14,2.0,a300,0.06232793664480074
linear,15,0.0,L0_null,0.0026088876810820283
linear,15,0.0,L1_redundant,0.0
linear,15,0.0,a025,0.06600852232502386
linear,15,0.0,a045,0.11966367270774358
linear,15,0.0,a070,0.1585179033907964
linear,15,0.0,a100,0.20343747189903183
linear,15,0.0,a150,0.23239655987015317
linear,15,0.0,a200,0.24935252885115555
linear,15,0.0,a300,0.26073922748606326
linear,15,0.2,L0_null,-0.0013563592564619364
linear,15,0.2,L1_redundant,0.0
linear,15,0.2,a025,0.024935076744402984
linear,15,0.2,a045,0.06906827649444025
linear,15,0.2,a070,0.13301551300769632
linear,15,0.2,a100,0.16959974099396313
linear,15,0.2,a150,0.1906092574922954
linear,15,0.2,a200,0.20864824854287245
linear,15,0.2,a300,0.22740670080693315
linear,15,0.4,L0_null,-0.0005048065560598891
linear,15,0.4,L1_redundant,0.0
linear,15,0.4,a025,0.008594759366924998
linear,15,0.4,a045,0.04476554622014228
linear,15,0.4,a070,0.0884498388951912
linear,15,0.4,a100,0.12319655672937535
linear,15,0.4,a150,0.15897664472647632
linear,15,0.4,a200,0.16955665650406493
linear,15,0.4,a300,0.1803582366310581
linear,15,0.6,L0_null,0.0003018137425355727
linear,15,0.6,L1_redundant,0.0
linear,15,0.6,a025,0.012652343183550574
linear,15,0.6,a045,0.034355711705907455
linear,15,0.6,a070,0.06356076993363113
linear,15,0.6,a100,0.10045605737421548
linear,15,0.6,a150,0.12669102250883235
linear,15,0.6,a200,0.13669114293326834
linear,15,0.6,a300,0.14815667821235956
linear,15,0.8,L0_null,0.0002568785677231622
linear,15,0.8,L1_redundant,0.0
linear,15,0.8,a025,0.01766234000117073
linear,15,0.8,a045,0.03991647819733779
linear,15,0.8,a070,0.07250353802077947
linear,15,0.8,a100,0.09564974769872325
linear,15,0.8,a150,0.11637099368233816
linear,15,0.8,a200,0.13065651858755323
linear,15,0.8,a300,0.14515490002746378
linear,15,1.0,L0_null,-0.0023495010174743314
linear,15,1.0,L1_redundant,0.0
linear,15,1.0,a025,0.011887500937584061
linear,15,1.0,a045,0.0314910522240871
linear,15,1.0,a070,0.046375065411746186
linear,15,1.0,a100,0.08291160313906254
linear,15,1.0,a150,0.10302692816422254
linear,15,1.0,a200,0.1167358777933899
linear,15,1.0,a300,0.1251403871624056
linear,15,1.2,L0_null,-0.0007222724760038712
linear,15,1.2,L1_redundant,0.0
linear,15,1.2,a025,0.004273581587014297
linear,15,1.2,a045,0.020100381928739974
linear,15,1.2,a070,0.03917420473390609
linear,15,1.2,a100,0.06297263681592036
linear,15,1.2,a150,0.08532426252575498
linear,15,1.2,a200,0.09577717473239855
linear,15,1.2,a300,0.10666679230112053
linear,15,1.4,L0_null,0.0006515400428341867
linear,15,1.4,L1_redundant,0.0
linear,15,1.4,a025,0.008195288471219753
linear,15,1.4,a045,0.01812308402197671
linear,15,1.4,a070,0.04075673258044277
linear,15,1.4,a100,0.052005443034580434
linear,15,1.4,a150,0.08011577199969033
linear,15,1.4,a200,0.08844311401482752
linear,15,1.4,a300,0.09527954116200033
linear,15,1.6,L0_null,-0.0002016729551160834
linear,15,1.6,L1_redundant,0.0
linear,15,1.6,a025,0.007121041869644018
linear,15,1.6,a045,0.02312122594022159
linear,15,1.6,a070,0.03473753786239986
linear,15,1.6,a100,0.04324061783842548
linear,15,1.6,a150,0.06697591529534708
linear,15,1.6,a200,0.07476484166472719
linear,15,1.6,a300,0.0836335481703524
linear,15,1.8,L0_null,-0.0014516649432059214
linear,15,1.8,L1_redundant,0.0
linear,15,1.8,a025,0.005735015911951136
linear,15,1.8,a045,0.017359608093050927
linear,15,1.8,a070,0.03659485747380742
linear,15,1.8,a100,0.04292306451354322
linear,15,1.8,a150,0.062349948696983515
linear,15,1.8,a200,0.07121424821040645
linear,15,1.8,a300,0.07683916804944324
linear,15,2.0,L0_null,-0.0004272330406026592
linear,15,2.0,L1_redundant,0.0
linear,15,2.0,a025,0.003097377983413363
linear,15,2.0,a045,0.016139559181687524
linear,15,2.0,a070,0.030527709140730996
linear,15,2.0,a100,0.04707824927041038
linear,15,2.0,a150,0.06056613179634496
linear,15,2.0,a200,0.06458470793819926
linear,15,2.0,a300,0.07095848316757236
linear,16,0.0,L0_null,-0.0029728045269729053
linear,16,0.0,L1_redundant,0.0
linear,16,0.0,a025,0.06491033278425817
linear,16,0.0,a045,0.11062896621793761
linear,16,0.0,a070,0.16329354390650552
linear,16,0.0,a100,0.20590312114604026
linear,16,0.0,a150,0.23330994164368712
linear,16,0.0,a200,0.2539224227589234
linear,16,0.0,a300,0.26990209023290734
linear,16,0.2,L0_null,0.0011899537763849777
linear,16,0.2,L1_redundant,0.0
linear,16,0.2,a025,0.028342472979004274
linear,16,0.2,a045,0.07428980739640256
linear,16,0.2,a070,0.11369667196214728
linear,16,0.2,a100,0.1556019213543114
linear,16,0.2,a150,0.18782124788154775
linear,16,0.2,a200,0.2058089444723611
linear,16,0.2,a300,0.21881385397582387
linear,16,0.4,L0_null,-0.0011336861668810316
linear,16,0.4,L1_redundant,0.0
linear,16,0.4,a025,0.010613392543922018
linear,16,0.4,a045,0.05010664261466746
linear,16,0.4,a070,0.08386062216586299
linear,16,0.4,a100,0.11034549544383998
linear,16,0.4,a150,0.15374233873201226
linear,16,0.4,a200,0.17022060407411077
linear,16,0.4,a300,0.1839308463998428
linear,16,0.6,L0_null,0.0006126879151390208
linear,16,0.6,L1_redundant,0.0
linear,16,0.6,a025,0.008294272071366127
linear,16,0.6,a045,0.04224657762051254
linear,16,0.6,a070,0.07722178812679148
linear,16,0.6,a100,0.11320081204385168
linear,16,0.6,a150,0.14783940844341215
linear,16,0.6,a200,0.1594512135001348
linear,16,0.6,a300,0.17577599285775192
linear,16,0.8,L0_null,-0.000624972529884249
linear,16,0.8,L1_redundant,0.0
linear,16,0.8,a025,0.011122282117683735
linear,16,0.8,a045,0.03405104789648705
linear,16,0.8,a070,0.0666236244124212
linear,16,0.8,a100,0.09173246868156326
linear,16,0.8,a150,0.1172069550639615
linear,16,0.8,a200,0.12363010992679502
linear,16,0.8,a300,0.13807272296060913
linear,16,1.0,L0_null,-0.002758257398440045
linear,16,1.0,L1_redundant,0.0
linear,16,1.0,a025,0.008543022977833825
linear,16,1.0,a045,0.02662903911381964
linear,16,1.0,a070,0.04616067804902446
linear,16,1.0,a100,0.06641354895153495
linear,16,1.0,a150,0.08907410645828595
linear,16,1.0,a200,0.10261615903291232
linear,16,1.0,a300,0.11456563842675394
linear,16,1.2,L0_null,-0.00019477129759093437
linear,16,1.2,L1_redundant,0.0
linear,16,1.2,a025,0.009535662474476014
linear,16,1.2,a045,0.027032930109628484
linear,16,1.2,a070,0.04011187903514024
linear,16,1.2,a100,0.05822585989901663
linear,16,1.2,a150,0.07801259721208098
linear,16,1.2,a200,0.09110868401027716
linear,16,1.2,a300,0.09812908220687266
linear,16,1.4,L0_null,-0.000721116401270816
linear,16,1.4,L1_redundant,0.0
linear,16,1.4,a025,0.0064426993591238935
linear,16,1.4,a045,0.016422225017783898
linear,16,1.4,a070,0.03430752362470024
linear,16,1.4,a100,0.05099186403395273
linear,16,1.4,a150,0.06709694390957299
linear,16,1.4,a200,0.07393952192620745
linear,16,1.4,a300,0.08398780329168587
linear,16,1.6,L0_null,0.0005024613712244497
linear,16,1.6,L1_redundant,0.0
linear,16,1.6,a025,0.004589486761394368
linear,16,1.6,a045,0.014128736703160172
linear,16,1.6,a070,0.021821135181302798
linear,16,1.6,a100,0.04405317183011104
linear,16,1.6,a150,0.06065210031834767
linear,16,1.6,a200,0.06976038512306859
linear,16,1.6,a300,0.07881922509511619
linear,16,1.8,L0_null,-0.0009829753907508731
linear,16,1.8,L1_redundant,0.0
linear,16,1.8,a025,0.004034878753524707
linear,16,1.8,a045,0.008518395007576451
linear,16,1.8,a070,0.02514377343476848
linear,16,1.8,a100,0.03711522917676291
linear,16,1.8,a150,0.0529682476016633
linear,16,1.8,a200,0.06286300702594039
linear,16,1.8,a300,0.07273489644049436
linear,16,2.0,L0_null,-0.000476445243032253
linear,16,2.0,L1_redundant,0.0
linear,16,2.0,a025,0.0059114869239429435
linear,16,2.0,a045,0.012995638322095604
linear,16,2.0,a070,0.026115464424534496
linear,16,2.0,a100,0.034952112176605654
linear,16,2.0,a150,0.04998341480241564
linear,16,2.0,a200,0.05919163536486638
linear,16,2.0,a300,0.06293435542889425
linear,17,0.0,L0_null,0.0012378183936055942
linear,17,0.0,L1_redundant,0.0
linear,17,0.0,a025,0.06734467521669418
linear,17,0.0,a045,0.11879850566341765
linear,17,0.0,a070,0.1598120222607633
linear,17,0.0,a100,0.1913887006484951
linear,17,0.0,a150,0.22914101443437274
linear,17,0.0,a200,0.2438891669775527
linear,17,0.0,a300,0.26107674139176407
linear,17,0.2,L0_null,-0.0008472273167139388
linear,17,0.2,L1_redundant,0.0
linear,17,0.2,a025,0.040240117167559264
linear,17,0.2,a045,0.07364866120498359
linear,17,0.2,a070,0.13308515588645875
linear,17,0.2,a100,0.16458946517169848
linear,17,0.2,a150,0.19328830835033384
linear,17,0.2,a200,0.21839257792452127
linear,17,0.2,a300,0.23087274890155407
linear,17,0.4,L0_null,0.0030254842904519075
linear,17,0.4,L1_redundant,0.0
linear,17,0.4,a025,0.030117820517160165
linear,17,0.4,a045,0.05254465062476332
linear,17,0.4,a070,0.09786121418322846
linear,17,0.4,a100,0.13170524423522323
linear,17,0.4,a150,0.16086965373805684
linear,17,0.4,a200,0.17237791049228002
linear,17,0.4,a300,0.18921292816841773
linear,17,0.6,L0_null,-0.0013893367103348098
linear,17,0.6,L1_redundant,0.0
linear,17,0.6,a025,0.022422026489059332
linear,17,0.6,a045,0.03405700726986016
linear,17,0.6,a070,0.07450190800916723
linear,17,0.6,a100,0.1004824796517938
linear,17,0.6,a150,0.13906532639849045
linear,17,0.6,a200,0.15593621620493725
linear,17,0.6,a300,0.16408406865752756
linear,17,0.8,L0_null,0.0010886727903859361
linear,17,0.8,L1_redundant,0.0
linear,17,0.8,a025,0.012015501447386612
linear,17,0.8,a045,0.04172502161681235
linear,17,0.8,a070,0.07234846301332098
linear,17,0.8,a100,0.0922841764934399
linear,17,0.8,a150,0.12321789746738676
linear,17,0.8,a200,0.1357708116643066
linear,17,0.8,a300,0.1481319941352649
linear,17,1.0,L0_null,-0.003716340651699679
linear,17,1.0,L1_redundant,0.0
linear,17,1.0,a025,0.010152233869708205
linear,17,1.0,a045,0.026021673229190134
linear,17,1.0,a070,0.052073757794318776
linear,17,1.0,a100,0.07821456303371432
linear,17,1.0,a150,0.10059039461724384
linear,17,1.0,a200,0.11513920286359192
linear,17,1.0,a300,0.12592580212097715
linear,17,1.2,L0_null,0.0006500935252043982
linear,17,1.2,L1_redundant,0.0
linear,17,1.2,a025,0.010916554545807866
linear,17,1.2,a045,0.021375635870175436
linear,17,1.2,a070,0.04470117512215743
linear,17,1.2,a100,0.0635036577112057
linear,17,1.2,a150,0.08524271981377707
linear,17,1.2,a200,0.1005473585054878
linear,17,1.2,a300,0.11408673018358928
linear,17,1.4,L0_null,-0.0007064874112124864
linear,17,1.4,L1_redundant,0.0
linear,17,1.4,a025,0.004401930795391085
linear,17,1.4,a045,0.021312539112969486
linear,17,1.4,a070,0.037731595325328104
linear,17,1.4,a100,0.05832612132711723
linear,17,1.4,a150,0.07349001614737904
linear,17,1.4,a200,0.08802873673642087
linear,17,1.4,a300,0.10427376754487017
linear,17,1.6,L0_null,0.00020038206850248041
linear,17,1.6,L1_redundant,0.0
linear,17,1.6,a025,0.004763371613376699
linear,17,1.6,a045,0.017786323955193084
linear,17,1.6,a070,0.03334799288562085
linear,17,1.6,a100,0.052772631598759
linear,17,1.6,a150,0.0698476431266879
linear,17,1.6,a200,0.08261613408157664
linear,17,1.6,a300,0.08548371817272127
linear,17,1.8,L0_null,-0.00015369953458554964
linear,17,1.8,L1_redundant,0.0
linear,17,1.8,a025,0.00721871915628447
linear,17,1.8,a045,0.015329247933014822
linear,17,1.8,a070,0.02950609538506288
linear,17,1.8,a100,0.04958505529660029
linear,17,1.8,a150,0.061116106503270706
linear,17,1.8,a200,0.07325943927792533
linear,17,1.8,a300,0.0787914900663419
linear,17,2.0,L0_null,-0.00046567332978586506
linear,17,2.0,L1_redundant,0.0
linear,17,2.0,a025,0.0053824967557177805
linear,17,2.0,a045,0.011459521264919004
linear,17,2.0,a070,0.02691260822362651
linear,17,2.0,a100,0.03848276112675508
linear,17,2.0,a150,0.05219150199684497
linear,17,2.0,a200,0.06098491278145102
linear,17,2.0,a300,0.06565247279755926
linear,18,0.0,L0_null,0.010377285918308499
linear,18,0.0,L1_redundant,0.0
linear,18,0.0,a025,0.07761756978610818
linear,18,0.0,a045,0.12384747921712264
linear,18,0.0,a070,0.17313958732908769
linear,18,0.0,a100,0.2089664447687501
linear,18,0.0,a150,0.24641606930875443
linear,18,0.0,a200,0.254817295625181
linear,18,0.0,a300,0.2770162540564532
linear,18,0.2,L0_null,9.195084003876808e-05
linear,18,0.2,L1_redundant,0.0
linear,18,0.2,a025,0.03330930134387178
linear,18,0.2,a045,0.08132216169226592
linear,18,0.2,a070,0.116011977520179
linear,18,0.2,a100,0.14633459790254433
linear,18,0.2,a150,0.19088136851893667
linear,18,0.2,a200,0.20980521444513256
linear,18,0.2,a300,0.22305890462200384
linear,18,0.4,L0_null,-0.0005142247121275867
linear,18,0.4,L1_redundant,0.0
linear,18,0.4,a025,0.006940624178220833
linear,18,0.4,a045,0.05229412876778128
linear,18,0.4,a070,0.09002490503850014
linear,18,0.4,a100,0.11569880626450846
linear,18,0.4,a150,0.15095762059224105
linear,18,0.4,a200,0.16627636787594557
linear,18,0.4,a300,0.17800537690247176
linear,18,0.6,L0_null,0.0014016005753439975
linear,18,0.6,L1_redundant,0.0
linear,18,0.6,a025,0.01082558274888512
linear,18,0.6,a045,0.0440017559392043
linear,18,0.6,a070,0.07320230972772068
linear,18,0.6,a100,0.09981571640606612
linear,18,0.6,a150,0.13327771108748587
linear,18,0.6,a200,0.14681509712616858
linear,18,0.6,a300,0.15645838415333624
linear,18,0.8,L0_null,-0.0020903212770257973
linear,18,0.8,L1_redundant,0.0
linear,18,0.8,a025,0.012757501515457625
linear,18,0.8,a045,0.0319674429177611
linear,18,0.8,a070,0.05903414831279041
linear,18,0.8,a100,0.082064937361083
linear,18,0.8,a150,0.11457958678520908
linear,18,0.8,a200,0.1303542382299453
linear,18,0.8,a300,0.1350531673065265
linear,18,1.0,L0_null,-0.0013417622548318464
linear,18,1.0,L1_redundant,0.0
linear,18,1.0,a025,0.005563978120401436
linear,18,1.0,a045,0.033166471199595704
linear,18,1.0,a070,0.05425924336762744
linear,18,1.0,a100,0.06631031271553034
linear,18,1.0,a150,0.0907789760068144
linear,18,1.0,a200,0.1060148554973922
linear,18,1.0,a300,0.11694702683460945
linear,18,1.2,L0_null,-0.0019127527364920516
linear,18,1.2,L1_redundant,0.0
linear,18,1.2,a025,0.006689814826406293
linear,18,1.2,a045,0.028278044317676
linear,18,1.2,a070,0.047691627052900976
linear,18,1.2,a100,0.06346936465912956
linear,18,1.2,a150,0.08594029717710294
linear,18,1.2,a200,0.09897953971750506
linear,18,1.2,a300,0.11168352786767688
linear,18,1.4,L0_null,-0.0020130173963192055
linear,18,1.4,L1_redundant,0.0
linear,18,1.4,a025,0.004887156134941839
linear,18,1.4,a045,0.018534398362102023
linear,18,1.4,a070,0.037449318254042185
linear,18,1.4,a100,0.05408646141241569
linear,18,1.4,a150,0.07580593825194859
linear,18,1.4,a200,0.08522636674383732
linear,18,1.4,a300,0.09550455574018035
linear,18,1.6,L0_null,-0.0018311339338600297
linear,18,1.6,L1_redundant,0.0
linear,18,1.6,a025,0.0036129698161417867
linear,18,1.6,a045,0.0179865559074166
linear,18,1.6,a070,0.025461714003793712
linear,18,1.6,a100,0.04775775711503483
linear,18,1.6,a150,0.05950896602761502
linear,18,1.6,a200,0.06663592887680647
linear,18,1.6,a300,0.07299607544365716
linear,18,1.8,L0_null,-0.00019620189461111437
linear,18,1.8,L1_redundant,0.0
linear,18,1.8,a025,0.003275837593601838
linear,18,1.8,a045,0.015672637201048834
linear,18,1.8,a070,0.0275222612013305
linear,18,1.8,a100,0.04309101217409761
linear,18,1.8,a150,0.05402942331697158
linear,18,1.8,a200,0.0632154541899681
linear,18,1.8,a300,0.07045377380098805
linear,18,2.0,L0_null,-0.0017627651793807875
linear,18,2.0,L1_redundant,0.0
linear,18,2.0,a025,0.003710354111760128
linear,18,2.0,a045,0.011616766346728369
linear,18,2.0,a070,0.024989515349791658
linear,18,2.0,a100,0.03863720774076784
linear,18,2.0,a150,0.056263603511789495
linear,18,2.0,a200,0.06601071714002604
linear,18,2.0,a300,0.07167902237215218
linear,19,0.0,L0_null,-0.004493336765429734
linear,19,0.0,L1_redundant,0.0
linear,19,0.0,a025,0.0810125286572525
linear,19,0.0,a045,0.11635057761078915
linear,19,0.0,a070,0.17230516455246525
linear,19,0.0,a100,0.19933794157508145
linear,19,0.0,a150,0.23139467553391935
linear,19,0.0,a200,0.2489722527046575
linear,19,0.0,a300,0.2641166290591189
linear,19,0.2,L0_null,0.0008615105905125375
linear,19,0.2,L1_redundant,0.0
linear,19,0.2,a025,0.05085803625715035
linear,19,0.2,a045,0.07724994106041616
linear,19,0.2,a070,0.1291523867429366
linear,19,0.2,a100,0.17216488193470736
linear,19,0.2,a150,0.1949903835415865
linear,19,0.2,a200,0.20901539874179498
linear,19,0.2,a300,0.226284572719038
linear,19,0.4,L0_null,-0.00048530649633582446
linear,19,0.4,L1_redundant,0.0
linear,19,0.4,a025,0.026329656862745132
linear,19,0.4,a045,0.0496060482273718
linear,19,0.4,a070,0.09563224153297678
linear,19,0.4,a100,0.12054559071103188
linear,19,0.4,a150,0.16235114626658742
linear,19,0.4,a200,0.17551910031689455
linear,19,0.4,a300,0.18781398544266203
linear,19,0.6,L0_null,-0.0014594547198354402
linear,19,0.6,L1_redundant,0.0
linear,19,0.6,a025,0.024130201439479748
linear,19,0.6,a045,0.05392691963060814
linear,19,0.6,a070,0.08314359970424223
linear,19,0.6,a100,0.11728136750082141
linear,19,0.6,a150,0.14936535702023457
linear,19,0.6,a200,0.1684757041613486
linear,19,0.6,a300,0.17198955291006734
linear,19,0.8,L0_null,0.0003233702846223707
linear,19,0.8,L1_redundant,0.0
linear,19,0.8,a025,0.013022786663023256
linear,19,0.8,a045,0.04482544212436923
linear,19,0.8,a070,0.0697592537388868
linear,19,0.8,a100,0.09606894101467678
linear,19,0.8,a150,0.12447310458423333
linear,19,0.8,a200,0.1412971381008704
linear,19,0.8,a300,0.14818705086676665
linear,19,1.0,L0_null,-0.0018256477434470675
linear,19,1.0,L1_redundant,0.0
linear,19,1.0,a025,0.011204544595734944
linear,19,1.0,a045,0.027117179529165703
linear,19,1.0,a070,0.05731581665428065
linear,19,1.0,a100,0.08724112304921205
linear,19,1.0,a150,0.10448186822183869
linear,19,1.0,a200,0.1167448451335793
linear,19,1.0,a300,0.13241563905228548
linear,19,1.2,L0_null,-0.0011899014656369111
linear,19,1.2,L1_redundant,0.0
linear,19,1.2,a025,0.009649002277678731
linear,19,1.2,a045,0.024646897900574283
linear,19,1.2,a070,0.04805710289166165
linear,19,1.2,a100,0.07068683155080213
linear,19,1.2,a150,0.09516011834026539
linear,19,1.2,a200,0.11050635026737954
linear,19,1.2,a300,0.11568287037037028
linear,19,1.4,L0_null,0.0007067315017011966
linear,19,1.4,L1_redundant,0.0
linear,19,1.4,a025,0.008131824183637226
linear,19,1.4,a045,0.020367109339291978
linear,19,1.4,a070,0.040091475801127485
linear,19,1.4,a100,0.06232701487989434
linear,19,1.4,a150,0.07395529683611801
linear,19,1.4,a200,0.08519799654664573
linear,19,1.4,a300,0.09665564217155043
linear,19,1.6,L0_null,0.0007384159723178296
linear,19,1.6,L1_redundant,0.0
linear,19,1.6,a025,0.003269282635138593
linear,19,1.6,a045,0.018955429529933232
linear,19,1.6,a070,0.03182522918568009
linear,19,1.6,a100,0.05787249668295236
linear,19,1.6,a150,0.06878843078871033
linear,19,1.6,a200,0.08052419706738967
linear,19,1.6,a300,0.0908944392426827
linear,19,1.8,L0_null,-0.0004078350342541226
linear,19,1.8,L1_redundant,0.0
linear,19,1.8,a025,0.008919922450730922
linear,19,1.8,a045,0.01645652091357508
linear,19,1.8,a070,0.03631908904225056
linear,19,1.8,a100,0.050777997590594204
linear,19,1.8,a150,0.06677411146822965
linear,19,1.8,a200,0.07434373751801504
linear,19,1.8,a300,0.08649306525818234
linear,19,2.0,L0_null,-0.0002768831689620166
linear,19,2.0,L1_redundant,0.0
linear,19,2.0,a025,0.005818556623516491
linear,19,2.0,a045,0.015590859534580503
linear,19,2.0,a070,0.03068616148072023
linear,19,2.0,a100,0.046648391583854365
linear,19,2.0,a150,0.06252026967756474
linear,19,2.0,a200,0.07025896314490154
linear,19,2.0,a300,0.07655077131292376
linear,2,0.0,L0_null,-0.0016208591214456058
linear,2,0.0,L1_redundant,0.0
linear,2,0.0,a025,0.07497476124077102
linear,2,0.0,a045,0.1276457882281415
linear,2,0.0,a070,0.1714056474627948
linear,2,0.0,a100,0.20993654704558867
linear,2,0.0,a150,0.23094091177370962
linear,2,0.0,a200,0.2584313574378752
linear,2,0.0,a300,0.27332716798643614
linear,2,0.2,L0_null,0.0011324261819286585
linear,2,0.2,L1_redundant,0.0
linear,2,0.2,a025,0.03863478501182882
linear,2,0.2,a045,0.0850346439641314
linear,2,0.2,a070,0.12705305855245042
linear,2,0.2,a100,0.15613550596541348
linear,2,0.2,a150,0.1876621206416117
linear,2,0.2,a200,0.20944762871698064
linear,2,0.2,a300,0.22284853738772004
linear,2,0.4,L0_null,-0.0005394869145078918
linear,2,0.4,L1_redundant,0.0
linear,2,0.4,a025,0.03183023552921371
linear,2,0.4,a045,0.06520025794872397
linear,2,0.4,a070,0.1023506859091069
linear,2,0.4,a100,0.13903122793642542
linear,2,0.4,a150,0.1690703009249508
linear,2,0.4,a200,0.18374119804543687
linear,2,0.4,a300,0.19792190630299378
linear,2,0.6,L0_null,-0.0012453163573478143
linear,2,0.6,L1_redundant,0.0
linear,2,0.6,a025,0.01980394491159032
linear,2,0.6,a045,0.03654901690497381
linear,2,0.6,a070,0.0783017957618517
linear,2,0.6,a100,0.10545113347285051
linear,2,0.6,a150,0.13406477524781013
linear,2,0.6,a200,0.15237778668905622
linear,2,0.6,a300,0.16059806513866093
linear,2,0.8,L0_null,0.00025653012173110223
linear,2,0.8,L1_redundant,0.0
linear,2,0.8,a025,0.01576083271541784
linear,2,0.8,a045,0.034491873077221125
linear,2,0.8,a070,0.05706920528909176
linear,2,0.8,a100,0.08434899384391537
linear,2,0.8,a150,0.11002384108463314
linear,2,0.8,a200,0.12626823754868033
linear,2,0.8,a300,0.13124739910506855
linear,2,1.0,L0_null,-0.002473123402825239
linear,2,1.0,L1_redundant,0.0
linear,2,1.0,a025,0.009041392828672112
linear,2,1.0,a045,0.03180030165727055
linear,2,1.0,a070,0.05872467318754582
linear,2,1.0,a100,0.0738954005463438
linear,2,1.0,a150,0.1004092712476764
linear,2,1.0,a200,0.11131078998547028
linear,2,1.0,a300,0.12390042133651369
linear,2,1.2,L0_null,-0.0004960182600477481
linear,2,1.2,L1_redundant,0.0
linear,2,1.2,a025,0.005240722182353941
linear,2,1.2,a045,0.02414404446144547
linear,2,1.2,a070,0.046589487194888646
linear,2,1.2,a100,0.07346223274605679
linear,2,1.2,a150,0.09254701740964033
linear,2,1.2,a200,0.10178844773788487
linear,2,1.2,a300,0.11468150822429246
linear,2,1.4,L0_null,0.0008922113077803884
linear,2,1.4,L1_redundant,0.0
linear,2,1.4,a025,0.007144450605103159
linear,2,1.4,a045,0.02294469016926004
linear,2,1.4,a070,0.04019810534879098
linear,2,1.4,a100,0.05991731452432014
linear,2,1.4,a150,0.07401527358617033
linear,2,1.4,a200,0.08634768741252485
linear,2,1.4,a300,0.09585946351761376
linear,2,1.6,L0_null,-0.0031593078698082255
linear,2,1.6,L1_redundant,0.0
linear,2,1.6,a025,0.005892716147868349
linear,2,1.6,a045,0.02199631125048196
linear,2,1.6,a070,0.03568082217493407
linear,2,1.6,a100,0.055802027588092384
linear,2,1.6,a150,0.07250111703006712
linear,2,1.6,a200,0.08281821585305393
linear,2,1.6,a300,0.08729704736819544
linear,2,1.8,L0_null,-2.1847848050038365e-05
linear,2,1.8,L1_redundant,0.0
linear,2,1.8,a025,0.007072640937563213
linear,2,1.8,a045,0.018720195999191835
linear,2,1.8,a070,0.03445140432410598
linear,2,1.8,a100,0.0483034451404325
linear,2,1.8,a150,0.06472620731460921
linear,2,1.8,a200,0.07463818448171355
linear,2,1.8,a300,0.08141089108910915
linear,2,2.0,L0_null,0.00030336647320616805
linear,2,2.0,L1_redundant,0.0
linear,2,2.0,a025,0.0033140081361524576
linear,2,2.0,a045,0.013088927605460543
linear,2,2.0,a070,0.028296665759090622
linear,2,2.0,a100,0.039468735172643044
linear,2,2.0,a150,0.05365657638954224
linear,2,2.0,a200,0.06067886272044587
linear,2,2.0,a300,0.06553310166787119
linear,20,0.0,L0_null,-0.0022704001583386813
linear,20,0.0,L1_redundant,0.0
linear,20,0.0,a025,0.061825077490987757
linear,20,0.0,a045,0.11437970658602536
linear,20,0.0,a070,0.1628593764219527
linear,20,0.0,a100,0.20433489533681537
linear,20,0.0,a150,0.2475073089927341
linear,20,0.0,a200,0.25739552205776683
linear,20,0.0,a300,0.2736451323028388
linear,20,0.2,L0_null,-0.0007311857147316303
linear,20,0.2,L1_redundant,0.0
linear,20,0.2,a025,0.048046728513617354
linear,20,0.2,a045,0.08371197128362218
linear,20,0.2,a070,0.12581818740250228
linear,20,0.2,a100,0.17038472455946796
linear,20,0.2,a150,0.19912636682438023
linear,20,0.2,a200,0.2128413004999904
linear,20,0.2,a300,0.234097206087864
linear,20,0.4,L0_null,-0.0019723407375087376
linear,20,0.4,L1_redundant,0.0
linear,20,0.4,a025,0.02283161303803838
linear,20,0.4,a045,0.052299599605378666
linear,20,0.4,a070,0.08649956905338385
linear,20,0.4,a100,0.12250787940034302
linear,20,0.4,a150,0.1580558662129169
linear,20,0.4,a200,0.1817843693337674
linear,20,0.4,a300,0.1900500122872154
linear,20,0.6,L0_null,0.000995269130968146
linear,20,0.6,L1_redundant,0.0
linear,20,0.6,a025,0.0156408449344958
linear,20,0.6,a045,0.044746280608484956
linear,20,0.6,a070,0.09043685435565108
linear,20,0.6,a100,0.11185518462959987
linear,20,0.6,a150,0.14737580045917975
linear,20,0.6,a200,0.15948099016163353
linear,20,0.6,a300,0.17276048360874385
linear,20,0.8,L0_null,0.00016767197346201357
linear,20,0.8,L1_redundant,0.0
linear,20,0.8,a025,0.015477527667429158
linear,20,0.8,a045,0.04284472593338551
linear,20,0.8,a070,0.0684007188640664
linear,20,0.8,a100,0.09452373888365262
linear,20,0.8,a150,0.11838175788589633
linear,20,0.8,a200,0.1365605568648498
linear,20,0.8,a300,0.14434518501154248
linear,20,1.0,L0_null,-0.0026956018983385066
linear,20,1.0,L1_redundant,0.0
linear,20,1.0,a025,0.005204637650114474
linear,20,1.0,a045,0.028900769619444766
linear,20,1.0,a070,0.05431231842341311
linear,20,1.0,a100,0.06825035912433663
linear,20,1.0,a150,0.09312774611731667
linear,20,1.0,a200,0.10365937409970993
linear,20,1.0,a300,0.11132718074131609
linear,20,1.2,L0_null,-0.0006419770982032391
linear,20,1.2,L1_redundant,0.0
linear,20,1.2,a025,0.004497740371475878
linear,20,1.2,a045,0.021428596594274874
linear,20,1.2,a070,0.047648491492230605
linear,20,1.2,a100,0.06670232646863261
linear,20,1.2,a150,0.09464481377630996
linear,20,1.2,a200,0.09780839437274735
linear,20,1.2,a300,0.11269088815304373
linear,20,1.4,L0_null,0.001253125950141487
linear,20,1.4,L1_redundant,0.0
linear,20,1.4,a025,0.007374346664563158
linear,20,1.4,a045,0.02154278276836974
linear,20,1.4,a070,0.0399661056889421
linear,20,1.4,a100,0.05761583551798277
linear,20,1.4,a150,0.08049674212215618
linear,20,1.4,a200,0.08876600044633243
linear,20,1.4,a300,0.09855947929870856
linear,20,1.6,L0_null,-0.00121358800429483
linear,20,1.6,L1_redundant,0.0
linear,20,1.6,a025,0.0068157302509459505
linear,20,1.6,a045,0.019429230347266402
linear,20,1.6,a070,0.04186418168179007
linear,20,1.6,a100,0.05431042764790417
linear,20,1.6,a150,0.06697507465457786
linear,20,1.6,a200,0.07806673638907302
linear,20,1.6,a300,0.08680962248851254
linear,20,1.8,L0_null,-0.00027518123908787384
linear,20,1.8,L1_redundant,0.0
linear,20,1.8,a025,0.003821420122646746
linear,20,1.8,a045,0.018205950788046876
linear,20,1.8,a070,0.03248863190310336
linear,20,1.8,a100,0.05104961897645843
linear,20,1.8,a150,0.06568646159540892
linear,20,1.8,a200,0.07490653273013415
linear,20,1.8,a300,0.07900175943536114
linear,20,2.0,L0_null,0.00017428794317242424
linear,20,2.0,L1_redundant,0.0
linear,20,2.0,a025,0.004147803172315445
linear,20,2.0,a045,0.012039111463823748
linear,20,2.0,a070,0.023173174999087998
linear,20,2.0,a100,0.0348809519644937
linear,20,2.0,a150,0.04466493986253872
linear,20,2.0,a200,0.057333237048094454
linear,20,2.0,a300,0.06423603909847031
linear,3,0.0,L0_null,0.003256647618139541
linear,3,0.0,L1_redundant,0.0
linear,3,0.0,a025,0.08508015179232936
linear,3,0.0,a045,0.12642603252352264
linear,3,0.0,a070,0.15794983027146642
linear,3,0.0,a100,0.20054670166510752
linear,3,0.0,a150,0.2344222675096484
linear,3,0.0,a200,0.25153627165305065
linear,3,0.0,a300,0.2648609298620918
linear,3,0.2,L0_null,-0.002812064376492951
linear,3,0.2,L1_redundant,0.0
linear,3,0.2,a025,0.03628043250535995
linear,3,0.2,a045,0.07913852521827025
linear,3,0.2,a070,0.12513183342979883
linear,3,0.2,a100,0.15812547383609543
linear,3,0.2,a150,0.19609273736640875
linear,3,0.2,a200,0.20997103995304423
linear,3,0.2,a300,0.2270739754950314
linear,3,0.4,L0_null,-0.0029066423886737747
linear,3,0.4,L1_redundant,0.0
linear,3,0.4,a025,0.033055071543021564
linear,3,0.4,a045,0.06961043643951337
linear,3,0.4,a070,0.1034335170890549
linear,3,0.4,a100,0.12891278418893604
linear,3,0.4,a150,0.16147621879939345
linear,3,0.4,a200,0.18018708211965462
linear,3,0.4,a300,0.19679352726015675
linear,3,0.6,L0_null,-0.00015882949416168302
linear,3,0.6,L1_redundant,0.0
linear,3,0.6,a025,0.01678965322143744
linear,3,0.6,a045,0.04646725686205966
linear,3,0.6,a070,0.07974391182786988
linear,3,0.6,a100,0.11445415930673308
linear,3,0.6,a150,0.14062951006979008
linear,3,0.6,a200,0.16047769408589008
linear,3,0.6,a300,0.17590554072313203
linear,3,0.8,L0_null,-0.0026235037507582604
linear,3,0.8,L1_redundant,0.0
linear,3,0.8,a025,0.01238290767348893
linear,3,0.8,a045,0.03270489530509568
linear,3,0.8,a070,0.05883232498963964
linear,3,0.8,a100,0.0886922446291184
linear,3,0.8,a150,0.11769618157393713
linear,3,0.8,a200,0.12888651929233086
linear,3,0.8,a300,0.13848100796998586
linear,3,1.0,L0_null,-0.0019112919457581201
linear,3,1.0,L1_redundant,0.0
linear,3,1.0,a025,0.008115846977352237
linear,3,1.0,a045,0.02741531611560888
linear,3,1.0,a070,0.05805812888049855
linear,3,1.0,a100,0.08464102163839027
linear,3,1.0,a150,0.10505305061136494
linear,3,1.0,a200,0.11946154899125283
linear,3,1.0,a300,0.12959362990864298
linear,3,1.2,L0_null,-0.0017331937639548656
linear,3,1.2,L1_redundant,0.0
linear,3,1.2,a025,0.005273833825875096
linear,3,1.2,a045,0.026001968136397213
linear,3,1.2,a070,0.038464843455984554
linear,3,1.2,a100,0.06252139520130617
linear,3,1.2,a150,0.08626304004597818
linear,3,1.2,a200,0.09793363448130299
linear,3,1.2,a300,0.10854032337803576
linear,3,1.4,L0_null,0.0005027798137255957
linear,3,1.4,L1_redundant,0.0
linear,3,1.4,a025,0.008506413732418672
linear,3,1.4,a045,0.022905406881702284
linear,3,1.4,a070,0.0424904807021933
linear,3,1.4,a100,0.060032282188336006
linear,3,1.4,a150,0.07947906052426146
linear,3,1.4,a200,0.08989156839493817
linear,3,1.4,a300,0.09952036047202206
linear,3,1.6,L0_null,0.000866943335658954
linear,3,1.6,L1_redundant,0.0
linear,3,1.6,a025,0.003108768102952908
linear,3,1.6,a045,0.013464338665483466
linear,3,1.6,a070,0.034599793161443015
linear,3,1.6,a100,0.051444490804375076
linear,3,1.6,a150,0.06897637652045097
linear,3,1.6,a200,0.07175822500331275
linear,3,1.6,a300,0.08297088583721812
linear,3,1.8,L0_null,0.00016039968742753707
linear,3,1.8,L1_redundant,0.0
linear,3,1.8,a025,0.0060609511287610385
linear,3,1.8,a045,0.013678995704824892
linear,3,1.8,a070,0.027678665374272438
linear,3,1.8,a100,0.04547851591035712
linear,3,1.8,a150,0.06335925604643489
linear,3,1.8,a200,0.07254354901677751
linear,3,1.8,a300,0.07679871820709527
linear,3,2.0,L0_null,0.0005066642408347866
linear,3,2.0,L1_redundant,0.0
linear,3,2.0,a025,0.006349112741576679
linear,3,2.0,a045,0.013319949433955092
linear,3,2.0,a070,0.02287931591544301
linear,3,2.0,a100,0.040002885903303365
linear,3,2.0,a150,0.05532653054822756
linear,3,2.0,a200,0.06229899840334263
linear,3,2.0,a300,0.07029382887220781
linear,4,0.0,L0_null,-0.0026603583465243386
linear,4,0.0,L1_redundant,0.0
linear,4,0.0,a025,0.06356319312176129
linear,4,0.0,a045,0.10215151489137542
linear,4,0.0,a070,0.1611972122659403
linear,4,0.0,a100,0.17924865747267327
linear,4,0.0,a150,0.2240251148378274
linear,4,0.0,a200,0.23909272362194922
linear,4,0.0,a300,0.25378995000895166
linear,4,0.2,L0_null,-0.0031015623789928393
linear,4,0.2,L1_redundant,0.0
linear,4,0.2,a025,0.03541158160918323
linear,4,0.2,a045,0.09909749949598035
linear,4,0.2,a070,0.12649564125337365
linear,4,0.2,a100,0.1696180620486255
linear,4,0.2,a150,0.207939042651079
linear,4,0.2,a200,0.2248276353615386
linear,4,0.2,a300,0.24246750379887871
linear,4,0.4,L0_null,-0.00041925447915325265
linear,4,0.4,L1_redundant,0.0
linear,4,0.4,a025,0.033254773798059634
linear,4,0.4,a045,0.0646168208918304
linear,4,0.4,a070,0.1006949223665562
linear,4,0.4,a100,0.13098028722034638
linear,4,0.4,a150,0.16710257300371012
linear,4,0.4,a200,0.18150529237414814
linear,4,0.4,a300,0.19538164755095422
linear,4,0.6,L0_null,-0.004342689349441264
linear,4,0.6,L1_redundant,0.0
linear,4,0.6,a025,0.015808182983553465
linear,4,0.6,a045,0.04659321818643636
linear,4,0.6,a070,0.08533710133826511
linear,4,0.6,a100,0.11094575997745726
linear,4,0.6,a150,0.13485244157988308
linear,4,0.6,a200,0.14991437404749808
linear,4,0.6,a300,0.16680900451644642
linear,4,0.8,L0_null,-0.0006237025449014055
linear,4,0.8,L1_redundant,0.0
linear,4,0.8,a025,0.015232418759483779
linear,4,0.8,a045,0.048110669921346605
linear,4,0.8,a070,0.07178528935456086
linear,4,0.8,a100,0.09734380188158909
linear,4,0.8,a150,0.1238436280120041
linear,4,0.8,a200,0.14605994557445257
linear,4,0.8,a300,0.15610488583028082
linear,4,1.0,L0_null,-0.00033008074090234985
linear,4,1.0,L1_redundant,0.0
linear,4,1.0,a025,0.010319339978658637
linear,4,1.0,a045,0.032241180663024394
linear,4,1.0,a070,0.05405078388545326
linear,4,1.0,a100,0.08103444651540848
linear,4,1.0,a150,0.10645141431714578
linear,4,1.0,a200,0.12177752107611839
linear,4,1.0,a300,0.13168394731520994
linear,4,1.2,L0_null,-0.00048514082945227965
linear,4,1.2,L1_redundant,0.0
linear,4,1.2,a025,0.004482401563239868
linear,4,1.2,a045,0.02770634906363434
linear,4,1.2,a070,0.04510998023972068
linear,4,1.2,a100,0.07084105063146984
linear,4,1.2,a150,0.09391764519010026
linear,4,1.2,a200,0.10491304677931435
linear,4,1.2,a300,0.11660762558966165
linear,4,1.4,L0_null,-0.0004734503698232695
linear,4,1.4,L1_redundant,0.0
linear,4,1.4,a025,0.0047080240862623635
linear,4,1.4,a045,0.023042227342745525
linear,4,1.4,a070,0.04078993265521769
linear,4,1.4,a100,0.05337182212829883
linear,4,1.4,a150,0.07835342643632803
linear,4,1.4,a200,0.08635548879072197
linear,4,1.4,a300,0.0966642054206821
linear,4,1.6,L0_null,-0.0014587902104035155
linear,4,1.6,L1_redundant,0.0
linear,4,1.6,a025,0.007009235704708239
linear,4,1.6,a045,0.017632175841802655
linear,4,1.6,a070,0.034701687991077756
linear,4,1.6,a100,0.04968445719871195
linear,4,1.6,a150,0.06915926264740169
linear,4,1.6,a200,0.07801325831150763
linear,4,1.6,a300,0.08637050589606388
linear,4,1.8,L0_null,0.0008407835509169903
linear,4,1.8,L1_redundant,0.0
linear,4,1.8,a025,0.0066283868876170216
linear,4,1.8,a045,0.010019825683612038
linear,4,1.8,a070,0.02391800396513677
linear,4,1.8,a100,0.041442536689983545
linear,4,1.8,a150,0.06014301923964127
linear,4,1.8,a200,0.06358657838626414
linear,4,1.8,a300,0.0716270776443595
linear,4,2.0,L0_null,-0.0005839030980148152
linear,4,2.0,L1_redundant,0.0
linear,4,2.0,a025,0.005752018947181914
linear,4,2.0,a045,0.013748524504046955
linear,4,2.0,a070,0.023207156328336587
linear,4,2.0,a100,0.040017183006624824
linear,4,2.0,a150,0.04760218896345869
linear,4,2.0,a200,0.06008766773969043
linear,4,2.0,a300,0.064356243717962
linear,5,0.0,L0_null,-0.004546590345174351
linear,5,0.0,L1_redundant,0.0
linear,5,0.0,a025,0.06334092141627079
linear,5,0.0,a045,0.10202412028897467
linear,5,0.0,a070,0.14409103496210052
linear,5,0.0,a100,0.19172482499921129
linear,5,0.0,a150,0.21994928870485642
linear,5,0.0,a200,0.24160111387582617
linear,5,0.0,a300,0.25234340064627225
linear,5,0.2,L0_null,-0.002147292045164839
linear,5,0.2,L1_redundant,0.0
linear,5,0.2,a025,0.04209814207225726
linear,5,0.2,a045,0.08170037541037156
linear,5,0.2,a070,0.12672733344090648
linear,5,0.2,a100,0.1766188638482501
linear,5,0.2,a150,0.2034368251776949
linear,5,0.2,a200,0.21700411517100138
linear,5,0.2,a300,0.23254059143319306
linear,5,0.4,L0_null,-0.0008685645522747976
linear,5,0.4,L1_redundant,0.0
linear,5,0.4,a025,0.026718541659973005
linear,5,0.4,a045,0.05348948209179405
linear,5,0.4,a070,0.09000822566588484
linear,5,0.4,a100,0.12506570241212578
linear,5,0.4,a150,0.1528811041117787
linear,5,0.4,a200,0.1643499715854324
linear,5,0.4,a300,0.18270334739670346
linear,5,0.6,L0_null,0.0005698697776453931
linear,5,0.6,L1_redundant,0.0
linear,5,0.6,a025,0.012159089272129053
linear,5,0.6,a045,0.04440705779133314
linear,5,0.6,a070,0.08212163927963334
linear,5,0.6,a100,0.10304288422440144
linear,5,0.6,a150,0.13842750661749492
linear,5,0.6,a200,0.15745919955242704
linear,5,0.6,a300,0.16988847986421107
linear,5,0.8,L0_null,-0.0015557872950089369
linear,5,0.8,L1_redundant,0.0
linear,5,0.8,a025,0.01248695222338092
linear,5,0.8,a045,0.03838619827448575
linear,5,0.8,a070,0.06171542395141627
linear,5,0.8,a100,0.09159166215371484
linear,5,0.8,a150,0.11185245357875839
linear,5,0.8,a200,0.13117870344262383
linear,5,0.8,a300,0.14813857522009022
linear,5,1.0,L0_null,0.0006863431080230686
linear,5,1.0,L1_redundant,0.0
linear,5,1.0,a025,0.007463465726737617
linear,5,1.0,a045,0.03358574967271111
linear,5,1.0,a070,0.04754826717603022
linear,5,1.0,a100,0.08458826369906736
linear,5,1.0,a150,0.10533898479333548
linear,5,1.0,a200,0.11844814431267259
linear,5,1.0,a300,0.12592029013432715
linear,5,1.2,L0_null,-0.00034767799531887356
linear,5,1.2,L1_redundant,0.0
linear,5,1.2,a025,0.01054499699519229
linear,5,1.2,a045,0.022453524323127527
linear,5,1.2,a070,0.047122105895748945
linear,5,1.2,a100,0.07105665940504802
linear,5,1.2,a150,0.08950101412259615
linear,5,1.2,a200,0.1042248189207996
linear,5,1.2,a300,0.11462513541403085
linear,5,1.4,L0_null,-0.0006692712870095541
linear,5,1.4,L1_redundant,0.0
linear,5,1.4,a025,0.0036525839830902074
linear,5,1.4,a045,0.028487490074131316
linear,5,1.4,a070,0.039963743744049984
linear,5,1.4,a100,0.05606647630055406
linear,5,1.4,a150,0.07867969042640388
linear,5,1.4,a200,0.09022084163470734
linear,5,1.4,a300,0.09698215342370287
linear,5,1.6,L0_null,0.0010701211031227675
linear,5,1.6,L1_redundant,0.0
linear,5,1.6,a025,0.004974869973932927
linear,5,1.6,a045,0.01607127892890936
linear,5,1.6,a070,0.028230928972966307
linear,5,1.6,a100,0.04416876042229134
linear,5,1.6,a150,0.05788552499589672
linear,5,1.6,a200,0.06764609554864331
linear,5,1.6,a300,0.0752901010605882
linear,5,1.8,L0_null,-0.0006257835503776787
linear,5,1.8,L1_redundant,0.0
linear,5,1.8,a025,0.003524640219526032
linear,5,1.8,a045,0.011508586543496624
linear,5,1.8,a070,0.028010698306561443
linear,5,1.8,a100,0.0416846936091132
linear,5,1.8,a150,0.05618854988291189
linear,5,1.8,a200,0.0627143030485674
linear,5,1.8,a300,0.0678758518041116
linear,5,2.0,L0_null,0.0014426334242707561
linear,5,2.0,L1_redundant,0.0
linear,5,2.0,a025,0.003530035664695119
linear,5,2.0,a045,0.015933861636488578
linear,5,2.0,a070,0.023865769338862974
linear,5,2.0,a100,0.042426180656223944
linear,5,2.0,a150,0.056586192010828484
linear,5,2.0,a200,0.0644327193676848
linear,5,2.0,a300,0.0693657651066476
linear,6,0.0,L0_null,-0.0014405246361505197
linear,6,0.0,L1_redundant,0.0
linear,6,0.0,a025,0.08348063810231232
linear,6,0.0,a045,0.1198812089195268
linear,6,0.0,a070,0.15456880137038265
linear,6,0.0,a100,0.18873130117756443
linear,6,0.0,a150,0.22558999557427284
linear,6,0.0,a200,0.2429279602238873
linear,6,0.0,a300,0.26279833369932215
linear,6,0.2,L0_null,0.00026124939510763223
linear,6,0.2,L1_redundant,0.0
linear,6,0.2,a025,0.04645021936360516
linear,6,0.2,a045,0.09225026358884614
linear,6,0.2,a070,0.1395197395197395
linear,6,0.2,a100,0.17617849050919898
linear,6,0.2,a150,0.20717448780440895
linear,6,0.2,a200,0.22314095353465435
linear,6,0.2,a300,0.24168914783088014
linear,6,0.4,L0_null,-0.001027425952392691
linear,6,0.4,L1_redundant,0.0
linear,6,0.4,a025,0.025995884875067765
linear,6,0.4,a045,0.05115026366369335
linear,6,0.4,a070,0.08860578581637191
linear,6,0.4,a100,0.12682704154551272
linear,6,0.4,a150,0.15061209403183684
linear,6,0.4,a200,0.1695171504607954
linear,6,0.4,a300,0.18771117736927712
linear,6,0.6,L0_null,-0.0006952563354981622
linear,6,0.6,L1_redundant,0.0
linear,6,0.6,a025,0.021310538054648998
linear,6,0.6,a045,0.03594716907705231
linear,6,0.6,a070,0.06958227101378922
linear,6,0.6,a100,0.11207647920379304
linear,6,0.6,a150,0.1287880551840208
linear,6,0.6,a200,0.14882777440819817
linear,6,0.6,a300,0.15904215224376883
linear,6,0.8,L0_null,-0.0025424594450722537
linear,6,0.8,L1_redundant,0.0
linear,6,0.8,a025,0.017424876435974568
linear,6,0.8,a045,0.030116074412829597
linear,6,0.8,a070,0.05715401669496645
linear,6,0.8,a100,0.08872035415957413
linear,6,0.8,a150,0.11219463336890845
linear,6,0.8,a200,0.12454303061414085
linear,6,0.8,a300,0.1374400083205506
linear,6,1.0,L0_null,-0.0002647410009066764
linear,6,1.0,L1_redundant,0.0
linear,6,1.0,a025,0.012305001197040588
linear,6,1.0,a045,0.034439029369947805
linear,6,1.0,a070,0.054202553327252434
linear,6,1.0,a100,0.08017150100121251
linear,6,1.0,a150,0.106325804998877
linear,6,1.0,a200,0.11769123273367588
linear,6,1.0,a300,0.13121421810921252
linear,6,1.2,L0_null,-0.00016837801713975864
linear,6,1.2,L1_redundant,0.0
linear,6,1.2,a025,0.005176193096941506
linear,6,1.2,a045,0.021484016038996634
linear,6,1.2,a070,0.0365529994496423
linear,6,1.2,a100,0.06884056922714044
linear,6,1.2,a150,0.08379180753203874
linear,6,1.2,a200,0.09707700290903365
linear,6,1.2,a300,0.10407541473386284
linear,6,1.4,L0_null,-0.0006989234619793061
linear,6,1.4,L1_redundant,0.0
linear,6,1.4,a025,0.008546555635864483
linear,6,1.4,a045,0.0212578964789627
linear,6,1.4,a070,0.03512837538845115
linear,6,1.4,a100,0.06384513885296172
linear,6,1.4,a150,0.07760812971296172
linear,6,1.4,a200,0.08766855909255966
linear,6,1.4,a300,0.09708958526188138
linear,6,1.6,L0_null,-0.00032823481559252077
linear,6,1.6,L1_redundant,0.0
linear,6,1.6,a025,0.004242710885351109
linear,6,1.6,a045,0.016917934989957417
linear,6,1.6,a070,0.0319792780095286
linear,6,1.6,a100,0.047936093532733426
linear,6,1.6,a150,0.06417353248137314
linear,6,1.6,a200,0.06925086157697746
linear,6,1.6,a300,0.07783844288682673
linear,6,1.8,L0_null,-0.00014394381321691796
linear,6,1.8,L1_redundant,0.0
linear,6,1.8,a025,0.004441316340309864
linear,6,1.8,a045,0.014973688938050289
linear,6,1.8,a070,0.034059553630361394
linear,6,1.8,a100,0.0445259467238841
linear,6,1.8,a150,0.06105627256927959
linear,6,1.8,a200,0.07358127665672887
linear,6,1.8,a300,0.07918461443747604
linear,6,2.0,L0_null,1.5820169922520222e-05
linear,6,2.0,L1_redundant,0.0
linear,6,2.0,a025,0.007132879720949781
linear,6,2.0,a045,0.0164656454610419
linear,6,2.0,a070,0.0232409641303174
linear,6,2.0,a100,0.03440218855348309
linear,6,2.0,a150,0.05483604946532239
linear,6,2.0,a200,0.05849271471720785
linear,6,2.0,a300,0.06733209284712749
linear,7,0.0,L0_null,-0.011482841895720297
linear,7,0.0,L1_redundant,0.0
linear,7,0.0,a025,0.07783435778676889
linear,7,0.0,a045,0.12181335727595427
linear,7,0.0,a070,0.1724137368277608
linear,7,0.0,a100,0.21378844901603883
linear,7,0.0,a150,0.24574152891060203
linear,7,0.0,a200,0.2602601324602412
linear,7,0.0,a300,0.2765582381786134
linear,7,0.2,L0_null,0.001367746434841055
linear,7,0.2,L1_redundant,0.0
linear,7,0.2,a025,0.021695063687885208
linear,7,0.2,a045,0.07826928973378533
linear,7,0.2,a070,0.12200699003599214
linear,7,0.2,a100,0.1658318653856944
linear,7,0.2,a150,0.18648859409694662
linear,7,0.2,a200,0.20599676650714627
linear,7,0.2,a300,0.22521736146181526
linear,7,0.4,L0_null,0.001381293518981308
linear,7,0.4,L1_redundant,0.0
linear,7,0.4,a025,0.01692968265350492
linear,7,0.4,a045,0.05474533021496131
linear,7,0.4,a070,0.09930736066399803
linear,7,0.4,a100,0.14019206957016106
linear,7,0.4,a150,0.16596897700258262
linear,7,0.4,a200,0.18457186871844888
linear,7,0.4,a300,0.18809447255574396
linear,7,0.6,L0_null,0.001040800493148697
linear,7,0.6,L1_redundant,0.0
linear,7,0.6,a025,0.015716458719018278
linear,7,0.6,a045,0.0449266916318527
linear,7,0.6,a070,0.07420461989186311
linear,7,0.6,a100,0.10984578702895265
linear,7,0.6,a150,0.14438452244274025
linear,7,0.6,a200,0.14820887640698333
linear,7,0.6,a300,0.16877514365460067
linear,7,0.8,L0_null,0.0011841365345949262
linear,7,0.8,L1_redundant,0.0
linear,7,0.8,a025,0.015181355889312242
linear,7,0.8,a045,0.035167695748090866
linear,7,0.8,a070,0.05977103369422543
linear,7,0.8,a100,0.08504790461187473
linear,7,0.8,a150,0.10964675483138042
linear,7,0.8,a200,0.1173444525902223
linear,7,0.8,a300,0.13152330021432646
linear,7,1.0,L0_null,-0.0018970973178428219
linear,7,1.0,L1_redundant,0.0
linear,7,1.0,a025,0.01178673025435073
linear,7,1.0,a045,0.027469127502071866
linear,7,1.0,a070,0.052323629836807606
linear,7,1.0,a100,0.06605850485274434
linear,7,1.0,a150,0.09807284694332874
linear,7,1.0,a200,0.10781344624529854
linear,7,1.0,a300,0.11478602903678192
linear,7,1.2,L0_null,-0.00018942129647758765
linear,7,1.2,L1_redundant,0.0
linear,7,1.2,a025,0.007537972282656735
linear,7,1.2,a045,0.019554436321412294
linear,7,1.2,a070,0.043920795646582356
linear,7,1.2,a100,0.06202959600449842
linear,7,1.2,a150,0.08824699641275258
linear,7,1.2,a200,0.09591852781643972
linear,7,1.2,a300,0.10682571088350701
linear,7,1.4,L0_null,0.0011001591230551666
linear,7,1.4,L1_redundant,0.0
linear,7,1.4,a025,0.004086873610830488
linear,7,1.4,a045,0.015901002727823688
linear,7,1.4,a070,0.03463281723580536
linear,7,1.4,a100,0.0511729010911296
linear,7,1.4,a150,0.07173968225904226
linear,7,1.4,a200,0.08191800111133563
linear,7,1.4,a300,0.08841691503334004
linear,7,1.6,L0_null,-0.0016143269068353838
linear,7,1.6,L1_redundant,0.0
linear,7,1.6,a025,0.005950008246339733
linear,7,1.6,a045,0.01628907482046138
linear,7,1.6,a070,0.0319669613259117
linear,7,1.6,a100,0.05018663883672314
linear,7,1.6,a150,0.0658503246965173
linear,7,1.6,a200,0.07997697751464794
linear,7,1.6,a300,0.0853029670380594
linear,7,1.8,L0_null,-0.0013393300228776717
linear,7,1.8,L1_redundant,0.0
linear,7,1.8,a025,0.00545444898392311
linear,7,1.8,a045,0.015032256654983311
linear,7,1.8,a070,0.026225674861656723
linear,7,1.8,a100,0.04285169429367752
linear,7,1.8,a150,0.05551178374464327
linear,7,1.8,a200,0.0667907203206004
linear,7,1.8,a300,0.07539511671384735
linear,7,2.0,L0_null,-8.883680209281763e-05
linear,7,2.0,L1_redundant,0.0
linear,7,2.0,a025,0.0031519742803848283
linear,7,2.0,a045,0.015851059038612614
linear,7,2.0,a070,0.0203783952856611
linear,7,2.0,a100,0.038610354857244955
linear,7,2.0,a150,0.04640188680459234
linear,7,2.0,a200,0.057995584390260424
linear,7,2.0,a300,0.06255125438059472
linear,8,0.0,L0_null,0.005357300656867681
linear,8,0.0,L1_redundant,0.0
linear,8,0.0,a025,0.07590504650295482
linear,8,0.0,a045,0.11117542465243224
linear,8,0.0,a070,0.1659398993804766
linear,8,0.0,a100,0.20080051532932497
linear,8,0.0,a150,0.2280593747051285
linear,8,0.0,a200,0.25404276654263547
linear,8,0.0,a300,0.26572903972109696
linear,8,0.2,L0_null,0.0002299243053618394
linear,8,0.2,L1_redundant,0.0
linear,8,0.2,a025,0.027792640288124337
linear,8,0.2,a045,0.08270135906859577
linear,8,0.2,a070,0.12165167966691726
linear,8,0.2,a100,0.1629780964706492
linear,8,0.2,a150,0.19867340027306368
linear,8,0.2,a200,0.21571358596044088
linear,8,0.2,a300,0.2278516838335013
linear,8,0.4,L0_null,-0.0018014923967326624
linear,8,0.4,L1_redundant,0.0
linear,8,0.4,a025,0.026496454881401843
linear,8,0.4,a045,0.05812258515098312
linear,8,0.4,a070,0.09514680478400628
linear,8,0.4,a100,0.1435178087599901
linear,8,0.4,a150,0.17550704314263044
linear,8,0.4,a200,0.18409867012962022
linear,8,0.4,a300,0.20210445073708005
linear,8,0.6,L0_null,-0.0009534456046655926
linear,8,0.6,L1_redundant,0.0
linear,8,0.6,a025,0.017043808492146373
linear,8,0.6,a045,0.03465424292426078
linear,8,0.6,a070,0.0760018767870414
linear,8,0.6,a100,0.1087661699688881
linear,8,0.6,a150,0.13552109181141436
linear,8,0.6,a200,0.15303101107178396
linear,8,0.6,a300,0.1704525072111448
linear,8,0.8,L0_null,0.00019256021014502078
linear,8,0.8,L1_redundant,0.0
linear,8,0.8,a025,0.007536032375171975
linear,8,0.8,a045,0.027034977428360363
linear,8,0.8,a070,0.06337047519525074
linear,8,0.8,a100,0.0836402875047969
linear,8,0.8,a150,0.11958352371152847
linear,8,0.8,a200,0.12963649468254457
linear,8,0.8,a300,0.13897961129397596
linear,8,1.0,L0_null,-0.0008398936617134423
linear,8,1.0,L1_redundant,0.0
linear,8,1.0,a025,0.010625823563285564
linear,8,1.0,a045,0.02371189835051668
linear,8,1.0,a070,0.04772574855882816
linear,8,1.0,a100,0.07021030706742815
linear,8,1.0,a150,0.09262685436224694
linear,8,1.0,a200,0.10275578620450809
linear,8,1.0,a300,0.11491173399648746
linear,8,1.2,L0_null,-0.0014654646209305566
linear,8,1.2,L1_redundant,0.0
linear,8,1.2,a025,0.004578170789777292
linear,8,1.2,a045,0.026667391047294542
linear,8,1.2,a070,0.05231251058607711
linear,8,1.2,a100,0.07225735113179155
linear,8,1.2,a150,0.09711451498988521
linear,8,1.2,a200,0.11288168201181803
linear,8,1.2,a300,0.12500768589151545
linear,8,1.4,L0_null,-0.0009566777548709604
linear,8,1.4,L1_redundant,0.0
linear,8,1.4,a025,0.007851938947138426
linear,8,1.4,a045,0.019018305897245735
linear,8,1.4,a070,0.03310805149831031
linear,8,1.4,a100,0.054031926666760155
linear,8,1.4,a150,0.07378928173429522
linear,8,1.4,a200,0.08181644322307036
linear,8,1.4,a300,0.08682061368686889
linear,8,1.6,L0_null,-0.0008126634827018142
linear,8,1.6,L1_redundant,0.0
linear,8,1.6,a025,0.009515341264556443
linear,8,1.6,a045,0.020155023250593485
linear,8,1.6,a070,0.03461611732452319
linear,8,1.6,a100,0.05120081929464548
linear,8,1.6,a150,0.07190489528299082
linear,8,1.6,a200,0.0878507658678569
linear,8,1.6,a300,0.09494900421827523
linear,8,1.8,L0_null,-0.0007589179863308759
linear,8,1.8,L1_redundant,0.0
linear,8,1.8,a025,0.0032151242949336467
linear,8,1.8,a045,0.017107027035832778
linear,8,1.8,a070,0.028487615051546844
linear,8,1.8,a100,0.037129582032568886
linear,8,1.8,a150,0.0586449005814893
linear,8,1.8,a200,0.06785335153989835
linear,8,1.8,a300,0.07100254936880501
linear,8,2.0,L0_null,-0.0008310218163508631
linear,8,2.0,L1_redundant,0.0
linear,8,2.0,a025,0.00702181175148775
linear,8,2.0,a045,0.018783111674281816
linear,8,2.0,a070,0.02890370406143472
linear,8,2.0,a100,0.04319812252566757
linear,8,2.0,a150,0.06425046227145614
linear,8,2.0,a200,0.0692580570276824
linear,8,2.0,a300,0.07713605952438907
linear,9,0.0,L0_null,-0.00033606089736071265
linear,9,0.0,L1_redundant,0.0
linear,9,0.0,a025,0.062262321271488896
linear,9,0.0,a045,0.10632822890448745
linear,9,0.0,a070,0.15605010718841594
linear,9,0.0,a100,0.1948190549630141
linear,9,0.0,a150,0.23159942533462508
linear,9,0.0,a200,0.2538389902343855
linear,9,0.0,a300,0.26055053200958334
linear,9,0.2,L0_null,-0.0019826146922182764
linear,9,0.2,L1_redundant,0.0
linear,9,0.2,a025,0.024241031100787236
linear,9,0.2,a045,0.07009094923538528
linear,9,0.2,a070,0.11765857892953935
linear,9,0.2,a100,0.15131765993999235
linear,9,0.2,a150,0.1875519220221965
linear,9,0.2,a200,0.20621927526938966
linear,9,0.2,a300,0.21859511610369087
linear,9,0.4,L0_null,0.000358269104881348
linear,9,0.4,L1_redundant,0.0
linear,9,0.4,a025,0.02570956109407674
linear,9,0.4,a045,0.05848943287526842
linear,9,0.4,a070,0.10820852813069215
linear,9,0.4,a100,0.12716726851456295
linear,9,0.4,a150,0.16135357170154419
linear,9,0.4,a200,0.17265268374707943
linear,9,0.4,a300,0.19058340195779544
linear,9,0.6,L0_null,-0.0002240201102655659
linear,9,0.6,L1_redundant,0.0
linear,9,0.6,a025,0.02096434214413012
linear,9,0.6,a045,0.04216509489135034
linear,9,0.6,a070,0.07282041318824217
linear,9,0.6,a100,0.10710106578063072
linear,9,0.6,a150,0.1322206835983577
linear,9,0.6,a200,0.14952016577488159
linear,9,0.6,a300,0.16153956333920794
linear,9,0.8,L0_null,-0.00024724363130401716
linear,9,0.8,L1_redundant,0.0
linear,9,0.8,a025,0.014940614405319685
linear,9,0.8,a045,0.03783512986838933
linear,9,0.8,a070,0.06621135487184382
linear,9,0.8,a100,0.09338208357593603
linear,9,0.8,a150,0.11506351407373172
linear,9,0.8,a200,0.13164891061640882
linear,9,0.8,a300,0.14027440860730955
linear,9,1.0,L0_null,0.0011542024656778782
linear,9,1.0,L1_redundant,0.0
linear,9,1.0,a025,0.01284519645175386
linear,9,1.0,a045,0.027455592701494447
linear,9,1.0,a070,0.05163100966379652
linear,9,1.0,a100,0.07572413408478995
linear,9,1.0,a150,0.1004966677097825
linear,9,1.0,a200,0.11713698795666017
linear,9,1.0,a300,0.12267103742513585
linear,9,1.2,L0_null,0.0006334235364988672
linear,9,1.2,L1_redundant,0.0
linear,9,1.2,a025,0.005733822101286923
linear,9,1.2,a045,0.027134942507315962
linear,9,1.2,a070,0.044130748583298796
linear,9,1.2,a100,0.07218586801571136
linear,9,1.2,a150,0.09675248673236181
linear,9,1.2,a200,0.10410206826175628
linear,9,1.2,a300,0.11559562241429922
linear,9,1.4,L0_null,3.353032502395603e-05
linear,9,1.4,L1_redundant,0.0
linear,9,1.4,a025,0.011616339834669587
linear,9,1.4,a045,0.02900162776736548
linear,9,1.4,a070,0.045130209016415734
linear,9,1.4,a100,0.06250448514495255
linear,9,1.4,a150,0.08057955743930267
linear,9,1.4,a200,0.09058446202263837
linear,9,1.4,a300,0.10524439029001398
linear,9,1.6,L0_null,-0.00013401843656379864
linear,9,1.6,L1_redundant,0.0
linear,9,1.6,a025,0.00992448902553611
linear,9,1.6,a045,0.024304507576832446
linear,9,1.6,a070,0.038941261721545994
linear,9,1.6,a100,0.05662678174808922
linear,9,1.6,a150,0.07353153075465158
linear,9,1.6,a200,0.08504532365943784
linear,9,1.6,a300,0.09317880553089541
linear,9,1.8,L0_null,-0.001162165458796549
linear,9,1.8,L1_redundant,0.0
linear,9,1.8,a025,0.00666885736421019
linear,9,1.8,a045,0.021799500258966154
linear,9,1.8,a070,0.03063623368423629
linear,9,1.8,a100,0.044719024502733684
linear,9,1.8,a150,0.06342378343681887
linear,9,1.8,a200,0.07282256795807007
linear,9,1.8,a300,0.08169526375557656
linear,9,2.0,L0_null,-0.00048454981681977927
linear,9,2.0,L1_redundant,0.0
linear,9,2.0,a025,0.00664781904588696
linear,9,2.0,a045,0.01448999667035622
linear,9,2.0,a070,0.03171950112934896
linear,9,2.0,a100,0.040246431041904396
linear,9,2.0,a150,0.062415675928295555
linear,9,2.0,a200,0.06881081103317566
linear,9,2.0,a300,0.07542983383319546
nonlinear,1,0.0,L0_null,0.004248424165716469
nonlinear,1,0.0,L1_redundant,0.0
nonlinear,1,0.0,a025,0.052392636499204226
nonlinear,1,0.0,a045,0.09574869359265159
nonlinear,1,0.0,a070,0.1466116116743318
nonlinear,1,0.0,a100,0.18417423777240327
nonlinear,1,0.0,a150,0.23321846138422786
nonlinear,1,0.0,a200,0.2515962606047696
nonlinear,1,0.0,a300,0.2674638779934585
nonlinear,1,0.2,L0_null,0.00026646919336681396
nonlinear,1,0.2,L1_redundant,0.0
nonlinear,1,0.2,a025,0.031483534798681045
nonlinear,1,0.2,a045,0.09632399759678723
nonlinear,1,0.2,a070,0.1388682494471014
nonlinear,1,0.2,a100,0.17664375064870785
nonlinear,1,0.2,a150,0.2077008848374039
nonlinear,1,0.2,a200,0.22315148224736336
nonlinear,1,0.2,a300,0.24084536104080678
nonlinear,1,0.4,L0_null,-0.0008138736263736401
nonlinear,1,0.4,L1_redundant,0.0
nonlinear,1,0.4,a025,0.017973655808477207
nonlinear,1,0.4,a045,0.06893629807692303
nonlinear,1,0.4,a070,0.10373209379905801
nonlinear,1,0.4,a100,0.1416997399921507
nonlinear,1,0.4,a150,0.16959661989795916
nonlinear,1,0.4,a200,0.18757971938775508
nonlinear,1,0.4,a300,0.20649602629513342
nonlinear,1,0.6,L0_null,-0.0028931710178967673
nonlinear,1,0.6,L1_redundant,0.0
nonlinear,1,0.6,a025,0.010686124749327397
nonlinear,1,0.6,a045,0.040570156533938584
nonlinear,1,0.6,a070,0.07741008916577463
nonlinear,1,0.6,a100,0.11888786373069682
nonlinear,1,0.6,a150,0.14769482261178235
nonlinear,1,0.6,a200,0.16877902345718476
nonlinear,1,0.6,a300,0.17942216873665962
nonlinear,1,0.8,L0_null,-0.0006793562395256414
nonlinear,1,0.8,L1_redundant,0.0
nonlinear,1,0.8,a025,0.009483060121200593
nonlinear,1,0.8,a045,0.038690486510961186
nonlinear,1,0.8,a070,0.06798708189032332
nonlinear,1,0.8,a100,0.1013011117886854
nonlinear,1,0.8,a150,0.1354345056248295
nonlinear,1,0.8,a200,0.15422005866328747
nonlinear,1,0.8,a300,0.16256491378597182
nonlinear,1,1.0,L0_null,-0.0016712759283527001
nonlinear,1,1.0,L1_redundant,0.0
nonlinear,1,1.0,a025,0.011518110480637334
nonlinear,1,1.0,a045,0.02604933952611832
nonlinear,1,1.0,a070,0.06448837195285184
nonlinear,1,1.0,a100,0.08761060846774782
nonlinear,1,1.0,a150,0.11826027327078603
nonlinear,1,1.0,a200,0.1344810487016298
nonlinear,1,1.0,a300,0.14741050489748697
nonlinear,1,1.2,L0_null,-0.0007370416770804411
nonlinear,1,1.2,L1_redundant,0.0
nonlinear,1,1.2,a025,0.016768769613065837
nonlinear,1,1.2,a045,0.03326753143447858
nonlinear,1,1.2,a070,0.055679525119357476
nonlinear,1,1.2,a100,0.07277487558518525
nonlinear,1,1.2,a150,0.10366976712348397
nonlinear,1,1.2,a200,0.1188265718525019
nonlinear,1,1.2,a300,0.1301803688783998
nonlinear,1,1.4,L0_null,-0.0006807637263963606
nonlinear,1,1.4,L1_redundant,0.0
nonlinear,1,1.4,a025,0.009279702274054946
nonlinear,1,1.4,a045,0.025441967859692993
nonlinear,1,1.4,a070,0.046354000846936305
nonlinear,1,1.4,a100,0.07287324701176756
nonlinear,1,1.4,a150,0.10131114401317998
nonlinear,1,1.4,a200,0.10934776628266041
nonlinear,1,1.4,a300,0.12453005851279209
nonlinear,1,1.6,L0_null,0.0005521742234487759
nonlinear,1,1.6,L1_redundant,0.0
nonlinear,1,1.6,a025,0.008939256342140434
nonlinear,1,1.6,a045,0.02729006271121548
nonlinear,1,1.6,a070,0.04984957496064624
nonlinear,1,1.6,a100,0.06680159820987719
nonlinear,1,1.6,a150,0.09352413465662102
nonlinear,1,1.6,a200,0.10665811778485279
nonlinear,1,1.6,a300,0.12056606844464113
nonlinear,1,1.8,L0_null,-0.0009260587141237675
nonlinear,1,1.8,L1_redundant,0.0
nonlinear,1,1.8,a025,0.008449158610746466
nonlinear,1,1.8,a045,0.026927346574354694
nonlinear,1,1.8,a070,0.04115767097653911
nonlinear,1,1.8,a100,0.05757782716263482
nonlinear,1,1.8,a150,0.08077919867325434
nonlinear,1,1.8,a200,0.09125340817893757
nonlinear,1,1.8,a300,0.10997345594810226
nonlinear,1,2.0,L0_null,0.0005771141829546966
nonlinear,1,2.0,L1_redundant,0.0
nonlinear,1,2.0,a025,0.005256175564792298
nonlinear,1,2.0,a045,0.017709264654755974
nonlinear,1,2.0,a070,0.03450126295645639
nonlinear,1,2.0,a100,0.055145324599807366
nonlinear,1,2.0,a150,0.07449609421870529
nonlinear,1,2.0,a200,0.08912817546634022
nonlinear,1,2.0,a300,0.09332679036768798
nonlinear,10,0.0,L0_null,-0.006466343984288192
nonlinear,10,0.0,L1_redundant,0.0
nonlinear,10,0.0,a025,0.056706244500363545
nonlinear,10,0.0,a045,0.11173551272137594
nonlinear,10,0.0,a070,0.15389728299593597
nonlinear,10,0.0,a100,0.18138117408464516
nonlinear,10,0.0,a150,0.22233347190328567
nonlinear,10,0.0,a200,0.24418126579515353
nonlinear,10,0.0,a300,0.25887630674819206
nonlinear,10,0.2,L0_null,0.002000063311174527
nonlinear,10,0.2,L1_redundant,0.0
nonlinear,10,0.2,a025,0.03579455523899988
nonlinear,10,0.2,a045,0.07267635327635336
nonlinear,10,0.2,a070,0.1299471351693574
nonlinear,10,0.2,a100,0.16579328901551127
nonlinear,10,0.2,a150,0.19984001266223494
nonlinear,10,0.2,a200,0.2180250079138969
nonlinear,10,0.2,a300,0.23304647040202597
nonlinear,10,0.4,L0_null,-0.0009560105006587438
nonlinear,10,0.4,L1_redundant,0.0
nonlinear,10,0.4,a025,0.02897687414541339
nonlinear,10,0.4,a045,0.06798112634895592
nonlinear,10,0.4,a070,0.10679288733694403
nonlinear,10,0.4,a100,0.14346121233170306
nonlinear,10,0.4,a150,0.1733363996758438
nonlinear,10,0.4,a200,0.19705674923888994
nonlinear,10,0.4,a300,0.21376731466619103
nonlinear,10,0.6,L0_null,-0.00011650872429325165
nonlinear,10,0.6,L1_redundant,0.0
nonlinear,10,0.6,a025,0.01721219722716727
nonlinear,10,0.6,a045,0.050520705336074445
nonlinear,10,0.6,a070,0.08415239091386795
nonlinear,10,0.6,a100,0.1298696400991809
nonlinear,10,0.6,a150,0.1577116038193882
nonlinear,10,0.6,a200,0.1750045954137769
nonlinear,10,0.6,a300,0.19299901198603786
nonlinear,10,0.8,L0_null,-0.00011832902708475146
nonlinear,10,0.8,L1_redundant,0.0
nonlinear,10,0.8,a025,0.014438798961640575
nonlinear,10,0.8,a045,0.04154158803375885
nonlinear,10,0.8,a070,0.08149566877794345
nonlinear,10,0.8,a100,0.10851100826961702
nonlinear,10,0.8,a150,0.13768056882978041
nonlinear,10,0.8,a200,0.15523338280794396
nonlinear,10,0.8,a300,0.167586173904944
nonlinear,10,1.0,L0_null,0.0002195141127446787
nonlinear,10,1.0,L1_redundant,0.0
nonlinear,10,1.0,a025,0.013011966349555815
nonlinear,10,1.0,a045,0.0330425976884976
nonlinear,10,1.0,a070,0.06443412217941669
nonlinear,10,1.0,a100,0.09643299001493832
nonlinear,10,1.0,a150,0.11983810047959742
nonlinear,10,1.0,a200,0.1386909033729068
nonlinear,10,1.0,a300,0.1529230914380063
nonlinear,10,1.2,L0_null,-2.8675357512275568e-05
nonlinear,10,1.2,L1_redundant,0.0
nonlinear,10,1.2,a025,0.01044333981012413
nonlinear,10,1.2,a045,0.03594662676993643
nonlinear,10,1.2,a070,0.06530318054793982
nonlinear,10,1.2,a100,0.08621703288687843
nonlinear,10,1.2,a150,0.11909401898408845
nonlinear,10,1.2,a200,0.13231047873947632
nonlinear,10,1.2,a300,0.14420787204930274
nonlinear,10,1.4,L0_null,-0.0002883097238800536
nonlinear,10,1.4,L1_redundant,0.0
nonlinear,10,1.4,a025,0.006769756890203205
nonlinear,10,1.4,a045,0.022578937655096887
nonlinear,10,1.4,a070,0.05321101913400783
nonlinear,10,1.4,a100,0.07789122993140352
nonlinear,10,1.4,a150,0.0994397769589559
nonlinear,10,1.4,a200,0.11127276670396424
nonlinear,10,1.4,a300,0.1215608256152303
nonlinear,10,1.6,L0_null,0.00029430284191667155
nonlinear,10,1.6,L1_redundant,0.0
nonlinear,10,1.6,a025,0.009315981969332032
nonlinear,10,1.6,a045,0.020200645985717913
nonlinear,10,1.6,a070,0.041855512545412865
nonlinear,10,1.6,a100,0.06271201033039686
nonlinear,10,1.6,a150,0.08131772277904004
nonlinear,10,1.6,a200,0.09233314658695169
nonlinear,10,1.6,a300,0.10421350100446147
nonlinear,10,1.8,L0_null,0.0002242207208847935
nonlinear,10,1.8,L1_redundant,0.0
nonlinear,10,1.8,a025,0.006285903342931776
nonlinear,10,1.8,a045,0.027831895248065508
nonlinear,10,1.8,a070,0.03989758594006543
nonlinear,10,1.8,a100,0.06624364521106907
nonlinear,10,1.8,a150,0.08427472818220294
nonlinear,10,1.8,a200,0.09698580084914887
nonlinear,10,1.8,a300,0.10739175993833439
nonlinear,10,2.0,L0_null,-0.0008839331003391848
nonlinear,10,2.0,L1_redundant,0.0
nonlinear,10,2.0,a025,0.003104779236992483
nonlinear,10,2.0,a045,0.01843292337819491
nonlinear,10,2.0,a070,0.04121744082265133
nonlinear,10,2.0,a100,0.05830287333635642
nonlinear,10,2.0,a150,0.08027737803266322
nonlinear,10,2.0,a200,0.08849983498588043
nonlinear,10,2.0,a300,0.09607654664025755
nonlinear,11,0.0,L0_null,-0.0035757472932402834
nonlinear,11,0.0,L1_redundant,0.0
nonlinear,11,0.0,a025,0.06735755510522234
nonlinear,11,0.0,a045,0.11124077232514806
nonlinear,11,0.0,a070,0.16181705021434978
nonlinear,11,0.0,a100,0.19252367685116134
nonlinear,11,0.0,a150,0.22308361953884837
nonlinear,11,0.0,a200,0.2399387355421294
nonlinear,11,0.0,a300,0.257114171532533
nonlinear,11,0.2,L0_null,-0.0038398722020613896
nonlinear,11,0.2,L1_redundant,0.0
nonlinear,11,0.2,a025,0.03688690657084792
nonlinear,11,0.2,a045,0.09123877000939506
nonlinear,11,0.2,a070,0.14307524466134736
nonlinear,11,0.2,a100,0.17166851888267187
nonlinear,11,0.2,a150,0.20651165654651593
nonlinear,11,0.2,a200,0.22281748869304074
nonlinear,11,0.2,a300,0.23395462021130164
nonlinear,11,0.4,L0_null,-0.0005982603022043342
nonlinear,11,0.4,L1_redundant,0.0
nonlinear,11,0.4,a025,0.021124937655078058
nonlinear,11,0.4,a045,0.06293929251453145
nonlinear,11,0.4,a070,0.10924097606268679
nonlinear,11,0.4,a100,0.14204503891264186
nonlinear,11,0.4,a150,0.1822673789410616
nonlinear,11,0.4,a200,0.1969450831422468
nonlinear,11,0.4,a300,0.2098652722316502
nonlinear,11,0.6,L0_null,-0.000995898536342299
nonlinear,11,0.6,L1_redundant,0.0
nonlinear,11,0.6,a025,0.01598818389027712
nonlinear,11,0.6,a045,0.04990729822320972
nonlinear,11,0.6,a070,0.09443553353128176
nonlinear,11,0.6,a100,0.1366146566414158
nonlinear,11,0.6,a150,0.1747812742163778
nonlinear,11,0.6,a200,0.19081819974459135
nonlinear,11,0.6,a300,0.2094892741214892
nonlinear,11,0.8,L0_null,0.0006565793375841178
nonlinear,11,0.8,L1_redundant,0.0
nonlinear,11,0.8,a025,0.016261526757010425
nonlinear,11,0.8,a045,0.045279541114993105
nonlinear,11,0.8,a070,0.08330953383864304
nonlinear,11,0.8,a100,0.11822666484996847
nonlinear,11,0.8,a150,0.15053468146303373
nonlinear,11,0.8,a200,0.16443878049020677
nonlinear,11,0.8,a300,0.18044076705719436
nonlinear,11,1.0,L0_null,0.00011543835146610171
nonlinear,11,1.0,L1_redundant,0.0
nonlinear,11,1.0,a025,0.01111264259049105
nonlinear,11,1.0,a045,0.04803584057679078
nonlinear,11,1.0,a070,0.07030665771204891
nonlinear,11,1.0,a100,0.11307514405666941
nonlinear,11,1.0,a150,0.13856190291894477
nonlinear,11,1.0,a200,0.14788729257596533
nonlinear,11,1.0,a300,0.1670014337616471
nonlinear,11,1.2,L0_null,-0.0008698241739151236
nonlinear,11,1.2,L1_redundant,0.0
nonlinear,11,1.2,a025,0.018126713901056024
nonlinear,11,1.2,a045,0.028546115571217667
nonlinear,11,1.2,a070,0.0640230298668586
nonlinear,11,1.2,a100,0.09835899790299174
nonlinear,11,1.2,a150,0.1236741075306177
nonlinear,11,1.2,a200,0.13751399039594991
nonlinear,11,1.2,a300,0.15446451837053776
nonlinear,11,1.4,L0_null,-0.0009498214469275679
nonlinear,11,1.4,L1_redundant,0.0
nonlinear,11,1.4,a025,0.010075207650129148
nonlinear,11,1.4,a045,0.028573254012697058
nonlinear,11,1.4,a070,0.06240735730938218
nonlinear,11,1.4,a100,0.08514159371837549
nonlinear,11,1.4,a150,0.10480673851836764
nonlinear,11,1.4,a200,0.12245979819031072
nonlinear,11,1.4,a300,0.1373768871956993
nonlinear,11,1.6,L0_null,-0.00060532021235149
nonlinear,11,1.6,L1_redundant,0.0
nonlinear,11,1.6,a025,0.006329483454725171
nonlinear,11,1.6,a045,0.02435005234315879
nonlinear,11,1.6,a070,0.04707290846002232
nonlinear,11,1.6,a100,0.06375443754081278
nonlinear,11,1.6,a150,0.0899352943803251
nonlinear,11,1.6,a200,0.1043014288080466
nonlinear,11,1.6,a300,0.11572761320267266
nonlinear,11,1.8,L0_null,9.465758531657098e-05
nonlinear,11,1.8,L1_redundant,0.0
nonlinear,11,1.8,a025,0.011141922117298808
nonlinear,11,1.8,a045,0.022321298674831014
nonlinear,11,1.8,a070,0.04166821952982236
nonlinear,11,1.8,a100,0.0625065080959164
nonlinear,11,1.8,a150,0.09013166504859349
nonlinear,11,1.8,a200,0.0980359758256042
nonlinear,11,1.8,a300,0.1105222337605285
nonlinear,11,2.0,L0_null,-0.0006819338081971438
nonlinear,11,2.0,L1_redundant,0.0
nonlinear,11,2.0,a025,0.008964983039606356
nonlinear,11,2.0,a045,0.0215315180391622
nonlinear,11,2.0,a070,0.04588553595475864
nonlinear,11,2.0,a100,0.06459641224775403
nonlinear,11,2.0,a150,0.08498530404771376
nonlinear,11,2.0,a200,0.09130294695744168
nonlinear,11,2.0,a300,0.10326088235669384
nonlinear,12,0.0,L0_null,1.8767870413438636e-05
nonlinear,12,0.0,L1_redundant,0.0
nonlinear,12,0.0,a025,0.06706893728508256
nonlinear,12,0.0,a045,0.10505850789132265
nonlinear,12,0.0,a070,0.14211132244209024
nonlinear,12,0.0,a100,0.1830179743295839
nonlinear,12,0.0,a150,0.21493985464347332
nonlinear,12,0.0,a200,0.2290762177072968
nonlinear,12,0.0,a300,0.24422012570694407
nonlinear,12,0.2,L0_null,-0.0025212260126805663
nonlinear,12,0.2,L1_redundant,0.0
nonlinear,12,0.2,a025,0.05483619391885863
nonlinear,12,0.2,a045,0.0912437947666408
nonlinear,12,0.2,a070,0.13782979025392694
nonlinear,12,0.2,a100,0.1672298751126794
nonlinear,12,0.2,a150,0.21306870086081808
nonlinear,12,0.2,a200,0.22902237281379234
nonlinear,12,0.2,a300,0.24895990147123737
nonlinear,12,0.4,L0_null,-0.0017596314896258791
nonlinear,12,0.4,L1_redundant,0.0
nonlinear,12,0.4,a025,0.022917060332581562
nonlinear,12,0.4,a045,0.06771347869653399
nonlinear,12,0.4,a070,0.09145054066533709
nonlinear,12,0.4,a100,0.1524838738263924
nonlinear,12,0.4,a150,0.17731561591955336
nonlinear,12,0.4,a200,0.19275988347783046
nonlinear,12,0.4,a300,0.2064214510915351
nonlinear,12,0.6,L0_null,0.001276054845647745
nonlinear,12,0.6,L1_redundant,0.0
nonlinear,12,0.6,a025,0.022845063614941874
nonlinear,12,0.6,a045,0.044729008848367946
nonlinear,12,0.6,a070,0.08446907321451158
nonlinear,12,0.6,a100,0.12138891799247209
nonlinear,12,0.6,a150,0.1559307391826924
nonlinear,12,0.6,a200,0.17349552046432193
nonlinear,12,0.6,a300,0.18631228551208245
nonlinear,12,0.8,L0_null,-0.002512120855256317
nonlinear,12,0.8,L1_redundant,0.0
nonlinear,12,0.8,a025,0.018579115402119095
nonlinear,12,0.8,a045,0.03971813148208769
nonlinear,12,0.8,a070,0.08724508279507226
nonlinear,12,0.8,a100,0.11598196392785576
nonlinear,12,0.8,a150,0.1430258425216968
nonlinear,12,0.8,a200,0.16186182125206583
nonlinear,12,0.8,a300,0.17478008806457546
nonlinear,12,1.0,L0_null,-0.0014774894834864716
nonlinear,12,1.0,L1_redundant,0.0
nonlinear,12,1.0,a025,0.01182666924795861
nonlinear,12,1.0,a045,0.043524784154469365
nonlinear,12,1.0,a070,0.07320313817065449
nonlinear,12,1.0,a100,0.10212286249267755
nonlinear,12,1.0,a150,0.14011537774656224
nonlinear,12,1.0,a200,0.15335863099481284
nonlinear,12,1.0,a300,0.16982599791195496
nonlinear,12,1.2,L0_null,-0.0004499629784423531
nonlinear,12,1.2,L1_redundant,0.0
nonlinear,12,1.2,a025,0.007631357103104031
nonlinear,12,1.2,a045,0.02651629204986583
nonlinear,12,1.2,a070,0.05568232438590426
nonlinear,12,1.2,a100,0.09017473249594599
nonlinear,12,1.2,a150,0.10844520590528572
nonlinear,12,1.2,a200,0.13224533277558104
nonlinear,12,1.2,a300,0.14544699887703139
nonlinear,12,1.4,L0_null,0.002395513094610169
nonlinear,12,1.4,L1_redundant,0.0
nonlinear,12,1.4,a025,0.010669196845183748
nonlinear,12,1.4,a045,0.03616465719306239
nonlinear,12,1.4,a070,0.06007109884862316
nonlinear,12,1.4,a100,0.08704846144962985
nonlinear,12,1.4,a150,0.10381268356018591
nonlinear,12,1.4,a200,0.1226523178911294
nonlinear,12,1.4,a300,0.13434848423372103
nonlinear,12,1.6,L0_null,0.00018806758798062262
nonlinear,12,1.6,L1_redundant,0.0
nonlinear,12,1.6,a025,0.011330946797434738
nonlinear,12,1.6,a045,0.026534706744956393
nonlinear,12,1.6,a070,0.05147635564132558
nonlinear,12,1.6,a100,0.07018306248257244
nonlinear,12,1.6,a150,0.09211462694411732
nonlinear,12,1.6,a200,0.11087863171050238
nonlinear,12,1.6,a300,0.12257367735826752
nonlinear,12,1.8,L0_null,-0.0014634004305360548
nonlinear,12,1.8,L1_redundant,0.0
nonlinear,12,1.8,a025,0.010409973011180962
nonlinear,12,1.8,a045,0.026449644968513097
nonlinear,12,1.8,a070,0.042820903884462025
nonlinear,12,1.8,a100,0.06406957854067608
nonlinear,12,1.8,a150,0.08208898277856314
nonlinear,12,1.8,a200,0.0939590930632308
nonlinear,12,1.8,a300,0.10650153920607885
nonlinear,12,2.0,L0_null,-0.0009243953110519287
nonlinear,12,2.0,L1_redundant,0.0
nonlinear,12,2.0,a025,0.010800581197417003
nonlinear,12,2.0,a045,0.021580807825686166
nonlinear,12,2.0,a070,0.03998481350560412
nonlinear,12,2.0,a100,0.06146211090038056
nonlinear,12,2.0,a150,0.07952343996190225
nonlinear,12,2.0,a200,0.08996520982147671
nonlinear,12,2.0,a300,0.09854292313208668
nonlinear,13,0.0,L0_null,-0.0005549531144498632
nonlinear,13,0.0,L1_redundant,0.0
nonlinear,13,0.0,a025,0.06082414934022384
nonlinear,13,0.0,a045,0.11527717437342688
nonlinear,13,0.0,a070,0.1720641977094468
nonlinear,13,0.0,a100,0.20816030008337305
nonlinear,13,0.0,a150,0.25167699623360096
nonlinear,13,0.0,a200,0.2575732956709941
nonlinear,13,0.0,a300,0.27624082364404934
nonlinear,13,0.2,L0_null,0.003095609179341152
nonlinear,13,0.2,L1_redundant,0.0
nonlinear,13,0.2,a025,0.054486515195103724
nonlinear,13,0.2,a045,0.09320502404218522
nonlinear,13,0.2,a070,0.14084895311378698
nonlinear,13,0.2,a100,0.191919296659385
nonlinear,13,0.2,a150,0.22376942263980348
nonlinear,13,0.2,a200,0.22867952920943735
nonlinear,13,0.2,a300,0.25637385044843974
nonlinear,13,0.4,L0_null,0.001118578504599399
nonlinear,13,0.4,L1_redundant,0.0
nonlinear,13,0.4,a025,0.02800635270068408
nonlinear,13,0.4,a045,0.06255737086248914
nonlinear,13,0.4,a070,0.1036212280839689
nonlinear,13,0.4,a100,0.14653227454988604
nonlinear,13,0.4,a150,0.1753637235631732
nonlinear,13,0.4,a200,0.19160562937337844
nonlinear,13,0.4,a300,0.2041201981287838
nonlinear,13,0.6,L0_null,-0.0014402250379427217
nonlinear,13,0.6,L1_redundant,0.0
nonlinear,13,0.6,a025,0.014815261540986446
nonlinear,13,0.6,a045,0.05691162809321204
nonlinear,13,0.6,a070,0.0983572116482
nonlinear,13,0.6,a100,0.13436456774526195
nonlinear,13,0.6,a150,0.16688987641920072
nonlinear,13,0.6,a200,0.17662443333002553
nonlinear,13,0.6,a300,0.1941133922020477
nonlinear,13,0.8,L0_null,-0.0005767624517533099
nonlinear,13,0.8,L1_redundant,0.0
nonlinear,13,0.8,a025,0.01661839718700675
nonlinear,13,0.8,a045,0.05181875505181999
nonlinear,13,0.8,a070,0.07992197668386924
nonlinear,13,0.8,a100,0.10634271447050925
nonlinear,13,0.8,a150,0.14217225639056796
nonlinear,13,0.8,a200,0.15836965817619753
nonlinear,13,0.8,a300,0.17316266024160865
nonlinear,13,1.0,L0_null,0.001143642487693608
nonlinear,13,1.0,L1_redundant,0.0
nonlinear,13,1.0,a025,0.016596197803809942
nonlinear,13,1.0,a045,0.03707297405529919
nonlinear,13,1.0,a070,0.06283528673582861
nonlinear,13,1.0,a100,0.10447415739692578
nonlinear,13,1.0,a150,0.12256712673392545
nonlinear,13,1.0,a200,0.1401222247774171
nonlinear,13,1.0,a300,0.15135718024102962
nonlinear,13,1.2,L0_null,-0.0019833954722291436
nonlinear,13,1.2,L1_redundant,0.0
nonlinear,13,1.2,a025,0.008330681063385637
nonlinear,13,1.2,a045,0.034495983046558876
nonlinear,13,1.2,a070,0.054200330726530965
nonlinear,13,1.2,a100,0.09208994259235836
nonlinear,13,1.2,a150,0.12116232188607035
nonlinear,13,1.2,a200,0.13320156823285678
nonlinear,13,1.2,a300,0.1457429337598053
nonlinear,13,1.4,L0_null,-0.0021210034525008803
nonlinear,13,1.4,L1_redundant,0.0
nonlinear,13,1.4,a025,0.00425907259320224
nonlinear,13,1.4,a045,0.021334352458031947
nonlinear,13,1.4,a070,0.04805299182690548
nonlinear,13,1.4,a100,0.06934499148210393
nonlinear,13,1.4,a150,0.09559214450178377
nonlinear,13,1.4,a200,0.11124063317938493
nonlinear,13,1.4,a300,0.11885678823249779
nonlinear,13,1.6,L0_null,-0.0008424328164848838
nonlinear,13,1.6,L1_redundant,0.0
nonlinear,13,1.6,a025,0.010703689878321487
nonlinear,13,1.6,a045,0.024820525046190145
nonlinear,13,1.6,a070,0.04410990272623749
nonlinear,13,1.6,a100,0.06496695327032453
nonlinear,13,1.6,a150,0.0922948263909582
nonlinear,13,1.6,a200,0.10492717799435991
nonlinear,13,1.6,a300,0.11731247118017762
nonlinear,13,1.8,L0_null,-0.0006702413711769939
nonlinear,13,1.8,L1_redundant,0.0
nonlinear,13,1.8,a025,0.008646969101344548
nonlinear,13,1.8,a045,0.018937966821291008
nonlinear,13,1.8,a070,0.0478386036638101
nonlinear,13,1.8,a100,0.06651818539193344
nonlinear,13,1.8,a150,0.08661121157323692
nonlinear,13,1.8,a200,0.09807450271247753
nonlinear,13,1.8,a300,0.11029521188772706
nonlinear,13,2.0,L0_null,-0.000815069462861584
nonlinear,13,2.0,L1_redundant,0.0
nonlinear,13,2.0,a025,0.010484609893298358
nonlinear,13,2.0,a045,0.02067734017160827
nonlinear,13,2.0,a070,0.04248742749122114
nonlinear,13,2.0,a100,0.059300790044088614
nonlinear,13,2.0,a150,0.07880674827663914
nonlinear,13,2.0,a200,0.09048043733586453
nonlinear,13,2.0,a300,0.10014910536779342
nonlinear,14,0.0,L0_null,0.002048469831922639
nonlinear,14,0.0,L1_redundant,0.0
nonlinear,14,0.0,a025,0.05730108266585576
nonlinear,14,0.0,a045,0.11108564636059792
nonlinear,14,0.0,a070,0.15297967687113223
nonlinear,14,0.0,a100,0.19186886682111104
nonlinear,14,0.0,a150,0.2332270085917817
nonlinear,14,0.0,a200,0.2385793730001391
nonlinear,14,0.0,a300,0.26182831389231354
nonlinear,14,0.2,L0_null,0.001394705539888741
nonlinear,14,0.2,L1_redundant,0.0
nonlinear,14,0.2,a025,0.054976954133473255
nonlinear,14,0.2,a045,0.08966235410456991
nonlinear,14,0.2,a070,0.14065416761023086
nonlinear,14,0.2,a100,0.17681821026278932
nonlinear,14,0.2,a150,0.20511077267011668
nonlinear,14,0.2,a200,0.22674569581704496
nonlinear,14,0.2,a300,0.24020649036452824
nonlinear,14,0.4,L0_null,-0.0002715258586347691
nonlinear,14,0.4,L1_redundant,0.0
nonlinear,14,0.4,a025,0.03199036359244756
nonlinear,14,0.4,a045,0.07651897324579415
nonlinear,14,0.4,a070,0.12064769708053225
nonlinear,14,0.4,a100,0.15838928953452258
nonlinear,14,0.4,a150,0.18339764924354818
nonlinear,14,0.4,a200,0.20481770187991488
nonlinear,14,0.4,a300,0.21659720632012813
nonlinear,14,0.6,L0_null,0.0017183509196748714
nonlinear,14,0.6,L1_redundant,0.0
nonlinear,14,0.6,a025,0.02077335355029808
nonlinear,14,0.6,a045,0.05036053697503673
nonlinear,14,0.6,a070,0.09475832794705574
nonlinear,14,0.6,a100,0.1203156151708713
nonlinear,14,0.6,a150,0.1510455920044952
nonlinear,14,0.6,a200,0.1646606197937135
nonlinear,14,0.6,a300,0.18310181033579076
nonlinear,14,0.8,L0_null,-0.00038875628459700273
nonlinear,14,0.8,L1_redundant,0.0
nonlinear,14,0.8,a025,0.019210933929206364
nonlinear,14,0.8,a045,0.05696866588796912
nonlinear,14,0.8,a070,0.08065156670560159
nonlinear,14,0.8,a100,0.10399865420750598
nonlinear,14,0.8,a150,0.14456579147834037
nonlinear,14,0.8,a200,0.15066959524655943
nonlinear,14,0.8,a300,0.16433929206236353
nonlinear,14,1.0,L0_null,-0.0010425845006682977
nonlinear,14,1.0,L1_redundant,0.0
nonlinear,14,1.0,a025,0.011932091772411058
nonlinear,14,1.0,a045,0.03583523643403874
nonlinear,14,1.0,a070,0.060569551587515535
nonlinear,14,1.0,a100,0.09373257988527439
nonlinear,14,1.0,a150,0.12058453163742566
nonlinear,14,1.0,a200,0.1394162375948802
nonlinear,14,1.0,a300,0.15496247245249228
nonlinear,14,1.2,L0_null,-0.001932623072312456
nonlinear,14,1.2,L1_redundant,0.0
nonlinear,14,1.2,a025,0.011775699799131734
nonlinear,14,1.2,a045,0.026382310835547318
nonlinear,14,1.2,a070,0.05644003515194718
nonlinear,14,1.2,a100,0.08810842634290161
nonlinear,14,1.2,a150,0.11617670434296634
nonlinear,14,1.2,a200,0.12817488802403942
nonlinear,14,1.2,a300,0.14117247740231975
nonlinear,14,1.4,L0_null,-0.0002958177371159554
nonlinear,14,1.4,L1_redundant,0.0
nonlinear,14,1.4,a025,0.009002548274643307
nonlinear,14,1.4,a045,0.024401888414085526
nonlinear,14,1.4,a070,0.05228255325472286
nonlinear,14,1.4,a100,0.08885877859529612
nonlinear,14,1.4,a150,0.10906223894743594
nonlinear,14,1.4,a200,0.12550867598155757
nonlinear,14,1.4,a300,0.13568947496305095
nonlinear,14,1.6,L0_null,0.000147243580079226
nonlinear,14,1.6,L1_redundant,0.0
nonlinear,14,1.6,a025,0.007396728478817893
nonlinear,14,1.6,a045,0.02120043720789988
nonlinear,14,1.6,a070,0.05018066234484142
nonlinear,14,1.6,a100,0.07120571385496743
nonlinear,14,1.6,a150,0.08787275742499612
nonlinear,14,1.6,a200,0.09710211568420524
nonlinear,14,1.6,a300,0.11030076888285845
nonlinear,14,1.8,L0_null,0.00042793328903578676
nonlinear,14,1.8,L1_redundant,0.0
nonlinear,14,1.8,a025,0.010727036597070527
nonlinear,14,1.8,a045,0.020151972723577383
nonlinear,14,1.8,a070,0.04705323307109577
nonlinear,14,1.8,a100,0.06474891384038284
nonlinear,14,1.8,a150,0.09426966741410847
nonlinear,14,1.8,a200,0.09881360697498665
nonlinear,14,1.8,a300,0.11206763100819161
nonlinear,14,2.0,L0_null,-0.0007053071478441142
nonlinear,14,2.0,L1_redundant,0.0
nonlinear,14,2.0,a025,0.0056891097892592946
nonlinear,14,2.0,a045,0.020536301810259006
nonlinear,14,2.0,a070,0.03215392952270968
nonlinear,14,2.0,a100,0.05369928206404162
nonlinear,14,2.0,a150,0.07592837119321927
nonlinear,14,2.0,a200,0.08832830793629787
nonlinear,14,2.0,a300,0.0962077074369897
nonlinear,15,0.0,L0_null,0.007214284902393786
nonlinear,15,0.0,L1_redundant,0.0
nonlinear,15,0.0,a025,0.08054362039627572
nonlinear,15,0.0,a045,0.13760963508452617
nonlinear,15,0.0,a070,0.18742520445001742
nonlinear,15,0.0,a100,0.22493661309386936
nonlinear,15,0.0,a150,0.2667293155837923
nonlinear,15,0.0,a200,0.28397427626386285
nonlinear,15,0.0,a300,0.29599127703241246
nonlinear,15,0.2,L0_null,-0.0009131809435604099
nonlinear,15,0.2,L1_redundant,0.0
nonlinear,15,0.2,a025,0.025809836805084307
nonlinear,15,0.2,a045,0.0737091713307092
nonlinear,15,0.2,a070,0.11660559665147019
nonlinear,15,0.2,a100,0.15751448115354216
nonlinear,15,0.2,a150,0.18698851887041013
nonlinear,15,0.2,a200,0.21730225890027066
nonlinear,15,0.2,a300,0.22566098332122408
nonlinear,15,0.4,L0_null,-0.0004406033381423313
nonlinear,15,0.4,L1_redundant,0.0
nonlinear,15,0.4,a025,0.03261123618079442
nonlinear,15,0.4,a045,0.07943105975048714
nonlinear,15,0.4,a070,0.11573384077311455
nonlinear,15,0.4,a100,0.1500420960187061
nonlinear,15,0.4,a150,0.19104729822132493
nonlinear,15,0.4,a200,0.20817413678296892
nonlinear,15,0.4,a300,0.21850170994873375
nonlinear,15,0.6,L0_null,-0.0007700022357312042
nonlinear,15,0.6,L1_redundant,0.0
nonlinear,15,0.6,a025,0.013347825151141968
nonlinear,15,0.6,a045,0.04606813020589762
nonlinear,15,0.6,a070,0.07961753445259234
nonlinear,15,0.6,a100,0.12006510867183762
nonlinear,15,0.6,a150,0.15477567479703935
nonlinear,15,0.6,a200,0.16484281018343827
nonlinear,15,0.6,a300,0.182480949940648
nonlinear,15,0.8,L0_null,-0.0013912384867238448
nonlinear,15,0.8,L1_redundant,0.0
nonlinear,15,0.8,a025,0.016863766193704777
nonlinear,15,0.8,a045,0.03676476284368391
nonlinear,15,0.8,a070,0.08077780835553316
nonlinear,15,0.8,a100,0.10946183136259202
nonlinear,15,0.8,a150,0.1377841704618289
nonlinear,15,0.8,a200,0.15711343222662044
nonlinear,15,0.8,a300,0.16553667961219043
nonlinear,15,1.0,L0_null,0.0011666229164596364
nonlinear,15,1.0,L1_redundant,0.0
nonlinear,15,1.0,a025,0.008963365874027795
nonlinear,15,1.0,a045,0.03366204688130281
nonlinear,15,1.0,a070,0.06052129553991137
nonlinear,15,1.0,a100,0.09686479513754465
nonlinear,15,1.0,a150,0.11838837666799784
nonlinear,15,1.0,a200,0.1366787081087546
nonlinear,15,1.0,a300,0.15086492385436956
nonlinear,15,1.2,L0_null,-0.0003669850143643849
nonlinear,15,1.2,L1_redundant,0.0
nonlinear,15,1.2,a025,0.0060291637549498844
nonlinear,15,1.2,a045,0.02718298004503461
nonlinear,15,1.2,a070,0.0514474726298626
nonlinear,15,1.2,a100,0.06991375106762954
nonlinear,15,1.2,a150,0.09529199472008709
nonlinear,15,1.2,a200,0.11602913269663795
nonlinear,15,1.2,a300,0.12265225560990745
nonlinear,15,1.4,L0_null,-0.0010350747569339847
nonlinear,15,1.4,L1_redundant,0.0
nonlinear,15,1.4,a025,0.010686145443385753
nonlinear,15,1.4,a045,0.0235479193277075
nonlinear,15,1.4,a070,0.042127530050192874
nonlinear,15,1.4,a100,0.07691071309279796
nonlinear,15,1.4,a150,0.10365702974355062
nonlinear,15,1.4,a200,0.11012665507737873
nonlinear,15,1.4,a300,0.12639313804328556
nonlinear,15,1.6,L0_null,-0.0005508438659010961
nonlinear,15,1.6,L1_redundant,0.0
nonlinear,15,1.6,a025,0.011499325688941964
nonlinear,15,1.6,a045,0.027112405648478166
nonlinear,15,1.6,a070,0.04728526986908166
nonlinear,15,1.6,a100,0.07017200134608426
nonlinear,15,1.6,a150,0.09952331258543101
nonlinear,15,1.6,a200,0.10696344812779068
nonlinear,15,1.6,a300,0.11994476080356953
nonlinear,15,1.8,L0_null,0.0006643231403674621
nonlinear,15,1.8,L1_redundant,0.0
nonlinear,15,1.8,a025,0.003955191946215075
nonlinear,15,1.8,a045,0.021429825757023346
nonlinear,15,1.8,a070,0.03946018593947609
nonlinear,15,1.8,a100,0.05824710995026605
nonlinear,15,1.8,a150,0.07306356366033873
nonlinear,15,1.8,a200,0.09106590296026029
nonlinear,15,1.8,a300,0.09798021421394132
nonlinear,15,2.0,L0_null,-0.001588355539460684
nonlinear,15,2.0,L1_redundant,0.0
nonlinear,15,2.0,a025,0.006893843833014723
nonlinear,15,2.0,a045,0.012687174278046665
nonlinear,15,2.0,a070,0.02661469573730113
nonlinear,15,2.0,a100,0.052668669311866534
nonlinear,15,2.0,a150,0.06964971193482072
nonlinear,15,2.0,a200,0.07656133445570246
nonlinear,15,2.0,a300,0.0880376666090017
nonlinear,16,0.0,L0_null,-0.0220404938535122
nonlinear,16,0.0,L1_redundant,0.0
nonlinear,16,0.0,a025,0.0635929472297232
nonlinear,16,0.0,a045,0.10992293467104786
nonlinear,16,0.0,a070,0.15696306104094349
nonlinear,16,0.0,a100,0.1746640365956863
nonlinear,16,0.0,a150,0.2240677928835162
nonlinear,16,0.0,a200,0.2380689804423367
nonlinear,16,0.0,a300,0.2528368808781166
nonlinear,16,0.2,L0_null,-0.0021962535449524534
nonlinear,16,0.2,L1_redundant,0.0
nonlinear,16,0.2,a025,0.063333747947659
nonlinear,16,0.2,a045,0.1042961092591671
nonlinear,16,0.2,a070,0.1365381362256829
nonlinear,16,0.2,a100,0.17602791183640976
nonlinear,16,0.2,a150,0.2135474401711528
nonlinear,16,0.2,a200,0.22942347878003888
nonlinear,16,0.2,a300,0.2418559381063734
nonlinear,16,0.4,L0_null,0.0015053328991011528
nonlinear,16,0.4,L1_redundant,0.0
nonlinear,16,0.4,a025,0.03097187268571122
nonlinear,16,0.4,a045,0.06259990662937609
nonlinear,16,0.4,a070,0.10485202681264705
nonlinear,16,0.4,a100,0.14959933685383953
nonlinear,16,0.4,a150,0.1776076856635862
nonlinear,16,0.4,a200,0.19296595625106228
nonlinear,16,0.4,a300,0.2098436282694065
nonlinear,16,0.6,L0_null,-0.0028449361409536023
nonlinear,16,0.6,L1_redundant,0.0
nonlinear,16,0.6,a025,0.02365810558217185
nonlinear,16,0.6,a045,0.054449629085204454
nonlinear,16,0.6,a070,0.08463673992208676
nonlinear,16,0.6,a100,0.125142848573203
nonlinear,16,0.6,a150,0.15982373481658918
nonlinear,16,0.6,a200,0.1779960645123564
nonlinear,16,0.6,a300,0.1857284130411988
nonlinear,16,0.8,L0_null,-0.0012021525762107022
nonlinear,16,0.8,L1_redundant,0.0
nonlinear,16,0.8,a025,0.015145540680549407
nonlinear,16,0.8,a045,0.04752745862861463
nonlinear,16,0.8,a070,0.07945882043674435
nonlinear,16,0.8,a100,0.1182583701567883
nonlinear,16,0.8,a150,0.15303994834861578
nonlinear,16,0.8,a200,0.16538209834627438
nonlinear,16,0.8,a300,0.18369973502679182
nonlinear,16,1.0,L0_null,-0.0006447202320314371
nonlinear,16,1.0,L1_redundant,0.0
nonlinear,16,1.0,a025,0.011432173889827202
nonlinear,16,1.0,a045,0.034609261434022875
nonlinear,16,1.0,a070,0.060058632125155276
nonlinear,16,1.0,a100,0.08861722520484483
nonlinear,16,1.0,a150,0.11416449158980735
nonlinear,16,1.0,a200,0.13069444898825877
nonlinear,16,1.0,a300,0.14590525877868055
nonlinear,16,1.2,L0_null,-0.0009695864009839905
nonlinear,16,1.2,L1_redundant,0.0
nonlinear,16,1.2,a025,0.011809468684139235
nonlinear,16,1.2,a045,0.03306380184539315
nonlinear,16,1.2,a070,0.061513621486709136
nonlinear,16,1.2,a100,0.0894285916634181
nonlinear,16,1.2,a150,0.11871128758451022
nonlinear,16,1.2,a200,0.13003255936710412
nonlinear,16,1.2,a300,0.14460227347245347
nonlinear,16,1.4,L0_null,0.001579413538368879
nonlinear,16,1.4,L1_redundant,0.0
nonlinear,16,1.4,a025,0.007582353384592233
nonlinear,16,1.4,a045,0.019221883009196472
nonlinear,16,1.4,a070,0.04951310367355155
nonlinear,16,1.4,a100,0.07245898035077147
nonlinear,16,1.4,a150,0.09543601437258153
nonlinear,16,1.4,a200,0.11014027086788292
nonlinear,16,1.4,a300,0.12277181014121319
nonlinear,16,1.6,L0_null,-0.001212229114580854
nonlinear,16,1.6,L1_redundant,0.0
nonlinear,16,1.6,a025,0.010114560316657473
nonlinear,16,1.6,a045,0.023583996860863987
nonlinear,16,1.6,a070,0.04494200112875768
nonlinear,16,1.6,a100,0.07015243270451432
nonlinear,16,1.6,a150,0.0923936973164523
nonlinear,16,1.6,a200,0.1123237325056452
nonlinear,16,1.6,a300,0.1210843385647229
nonlinear,16,1.8,L0_null,-0.0008803725732240419
nonlinear,16,1.8,L1_redundant,0.0
nonlinear,16,1.8,a025,0.007366862429706078
nonlinear,16,1.8,a045,0.0216861182807766
nonlinear,16,1.8,a070,0.04135643835958058
nonlinear,16,1.8,a100,0.06198886519782043
nonlinear,16,1.8,a150,0.08070917343109008
nonlinear,16,1.8,a200,0.09267652963253903
nonlinear,16,1.8,a300,0.1021851269965961
nonlinear,16,2.0,L0_null,0.0010055005747172663
nonlinear,16,2.0,L1_redundant,0.0
nonlinear,16,2.0,a025,0.006300746317325467
nonlinear,16,2.0,a045,0.015521061759694588
nonlinear,16,2.0,a070,0.04559258553505774
nonlinear,16,2.0,a100,0.05936019899077993
nonlinear,16,2.0,a150,0.08129728170931527
nonlinear,16,2.0,a200,0.09488924463393356
nonlinear,16,2.0,a300,0.10481572870896472
nonlinear,17,0.0,L0_null,0.004787999999999959
nonlinear,17,0.0,L1_redundant,0.0
nonlinear,17,0.0,a025,0.08797399999999994
nonlinear,17,0.0,a045,0.13798787500000004
nonlinear,17,0.0,a070,0.16639587500000003
nonlinear,17,0.0,a100,0.20353675
nonlinear,17,0.0,a150,0.23596737499999992
nonlinear,17,0.0,a200,0.25100487499999996
nonlinear,17,0.0,a300,0.2723133749999999
nonlinear,17,0.2,L0_null,-4.079011010682532e-05
nonlinear,17,0.2,L1_redundant,0.0
nonlinear,17,0.2,a025,0.0408910451397102
nonlinear,17,0.2,a045,0.09147368174181714
nonlinear,17,0.2,a070,0.13174266194115025
nonlinear,17,0.2,a100,0.16813260984581213
nonlinear,17,0.2,a150,0.19575640373206182
nonlinear,17,0.2,a200,0.2133850445173301
nonlinear,17,0.2,a300,0.22202939561035373
nonlinear,17,0.4,L0_null,-0.0012022499999999603
nonlinear,17,0.4,L1_redundant,0.0
nonlinear,17,0.4,a025,0.02474025000000002
nonlinear,17,0.4,a045,0.06290425
nonlinear,17,0.4,a070,0.106116125
nonlinear,17,0.4,a100,0.155001375
nonlinear,17,0.4,a150,0.1865636249999999
nonlinear,17,0.4,a200,0.19897712499999998
nonlinear,17,0.4,a300,0.21565124999999996
nonlinear,17,0.6,L0_null,-5.22306096564229e-05
nonlinear,17,0.6,L1_redundant,0.0
nonlinear,17,0.6,a025,0.017188323856754062
nonlinear,17,0.6,a045,0.05867698656992626
nonlinear,17,0.6,a070,0.09562317670003317
nonlinear,17,0.6,a100,0.13047823389541358
nonlinear,17,0.6,a150,0.1708968371025894
nonlinear,17,0.6,a200,0.18709036188114692
nonlinear,17,0.6,a300,0.20355439159546507
nonlinear,17,0.8,L0_null,0.0007930083121655551
nonlinear,17,0.8,L1_redundant,0.0
nonlinear,17,0.8,a025,0.011824476930268779
nonlinear,17,0.8,a045,0.04029920593705405
nonlinear,17,0.8,a070,0.06877444320104964
nonlinear,17,0.8,a100,0.1079623447480702
nonlinear,17,0.8,a150,0.13102680281691392
nonlinear,17,0.8,a200,0.15196699987585804
nonlinear,17,0.8,a300,0.16122630266640625
nonlinear,17,1.0,L0_null,0.00022753512995965508
nonlinear,17,1.0,L1_redundant,0.0
nonlinear,17,1.0,a025,0.015793290967743956
nonlinear,17,1.0,a045,0.03780787799711516
nonlinear,17,1.0,a070,0.06647455092162358
nonlinear,17,1.0,a100,0.10187078182347253
nonlinear,17,1.0,a150,0.1264355645668478
nonlinear,17,1.0,a200,0.1470157290855102
nonlinear,17,1.0,a300,0.1569211418058254
nonlinear,17,1.2,L0_null,-0.001130385131061784
nonlinear,17,1.2,L1_redundant,0.0
nonlinear,17,1.2,a025,0.008089273524859109
nonlinear,17,1.2,a045,0.0300985185163819
nonlinear,17,1.2,a070,0.054297927809104585
nonlinear,17,1.2,a100,0.08012127420307757
nonlinear,17,1.2,a150,0.10731773723320703
nonlinear,17,1.2,a200,0.11940414839491831
nonlinear,17,1.2,a300,0.13287922706162203
nonlinear,17,1.4,L0_null,-0.0014562700229291403
nonlinear,17,1.4,L1_redundant,0.0
nonlinear,17,1.4,a025,0.005257366732799529
nonlinear,17,1.4,a045,0.023795439636823845
nonlinear,17,1.4,a070,0.053410818851293174
nonlinear,17,1.4,a100,0.08345862813972571
nonlinear,17,1.4,a150,0.09550899615038189
nonlinear,17,1.4,a200,0.10709784630013375
nonlinear,17,1.4,a300,0.12133481346704356
nonlinear,17,1.6,L0_null,-0.0010427658401850337
nonlinear,17,1.6,L1_redundant,0.0
nonlinear,17,1.6,a025,0.006859229512264919
nonlinear,17,1.6,a045,0.025765540446899493
nonlinear,17,1.6,a070,0.05082402158113386
nonlinear,17,1.6,a100,0.0669470881906461
nonlinear,17,1.6,a150,0.09219288944181026
nonlinear,17,1.6,a200,0.10807281376603017
nonlinear,17,1.6,a300,0.11558805044622267
nonlinear,17,1.8,L0_null,-0.0021650205751443385
nonlinear,17,1.8,L1_redundant,0.0
nonlinear,17,1.8,a025,0.00701333846096952
nonlinear,17,1.8,a045,0.01765941176032415
nonlinear,17,1.8,a070,0.043674631294395305
nonlinear,17,1.8,a100,0.06335589047076584
nonlinear,17,1.8,a150,0.08344596330600718
nonlinear,17,1.8,a200,0.09227446976376064
nonlinear,17,1.8,a300,0.10352151681735422
nonlinear,17,2.0,L0_null,0.0006685737969162053
nonlinear,17,2.0,L1_redundant,0.0
nonlinear,17,2.0,a025,0.0027237585728665525
nonlinear,17,2.0,a045,0.015193440223750576
nonlinear,17,2.0,a070,0.03427447597445066
nonlinear,17,2.0,a100,0.052167257731045136
nonlinear,17,2.0,a150,0.07026909466020725
nonlinear,17,2.0,a200,0.07259613926321695
nonlinear,17,2.0,a300,0.08315801940550527
nonlinear,18,0.0,L0_null,0.010605706285105987
nonlinear,18,0.0,L1_redundant,0.0
nonlinear,18,0.0,a025,0.07721880068563158
nonlinear,18,0.0,a045,0.13473207941347765
nonlinear,18,0.0,a070,0.18661050550553315
nonlinear,18,0.0,a100,0.23441718064828532
nonlinear,18,0.0,a150,0.25951268683734674
nonlinear,18,0.0,a200,0.2771057806469833
nonlinear,18,0.0,a300,0.298669723599155
nonlinear,18,0.2,L0_null,0.0018279060575736583
nonlinear,18,0.2,L1_redundant,0.0
nonlinear,18,0.2,a025,0.03598031312050831
nonlinear,18,0.2,a045,0.07768048658839166
nonlinear,18,0.2,a070,0.1320310799238371
nonlinear,18,0.2,a100,0.16572826710917166
nonlinear,18,0.2,a150,0.19582623097891716
nonlinear,18,0.2,a200,0.2198285397015598
nonlinear,18,0.2,a300,0.2366894924888091
nonlinear,18,0.4,L0_null,-0.00028850665374735573
nonlinear,18,0.4,L1_redundant,0.0
nonlinear,18,0.4,a025,0.02685841673709244
nonlinear,18,0.4,a045,0.07923865297946353
nonlinear,18,0.4,a070,0.11395950213067929
nonlinear,18,0.4,a100,0.15628620811722982
nonlinear,18,0.4,a150,0.18243325059219617
nonlinear,18,0.4,a200,0.2063700365804899
nonlinear,18,0.4,a300,0.22378799970097474
nonlinear,18,0.6,L0_null,-0.0013341733684172352
nonlinear,18,0.6,L1_redundant,0.0
nonlinear,18,0.6,a025,0.01139175919593216
nonlinear,18,0.6,a045,0.05971785951773345
nonlinear,18,0.6,a070,0.09338976492369366
nonlinear,18,0.6,a100,0.1287648252403839
nonlinear,18,0.6,a150,0.16178960914535168
nonlinear,18,0.6,a200,0.18642302654458454
nonlinear,18,0.6,a300,0.199331141405781
nonlinear,18,0.8,L0_null,-0.002633030658900748
nonlinear,18,0.8,L1_redundant,0.0
nonlinear,18,0.8,a025,0.012526637719123213
nonlinear,18,0.8,a045,0.045568753298965925
nonlinear,18,0.8,a070,0.08203019875332784
nonlinear,18,0.8,a100,0.12263409861192431
nonlinear,18,0.8,a150,0.15293726565669896
nonlinear,18,0.8,a200,0.16113718947103617
nonlinear,18,0.8,a300,0.18524585293910834
nonlinear,18,1.0,L0_null,0.0013291689712944255
nonlinear,18,1.0,L1_redundant,0.0
nonlinear,18,1.0,a025,0.011486690274070344
nonlinear,18,1.0,a045,0.03653072870323604
nonlinear,18,1.0,a070,0.0628667364067046
nonlinear,18,1.0,a100,0.09664293401149504
nonlinear,18,1.0,a150,0.12282513286679653
nonlinear,18,1.0,a200,0.13255967983711292
nonlinear,18,1.0,a300,0.14663807425310016
nonlinear,18,1.2,L0_null,-0.0005754017612815687
nonlinear,18,1.2,L1_redundant,0.0
nonlinear,18,1.2,a025,0.0024057167023237014
nonlinear,18,1.2,a045,0.03560898552166769
nonlinear,18,1.2,a070,0.05339220856759053
nonlinear,18,1.2,a100,0.08396835663465851
nonlinear,18,1.2,a150,0.10510012935966961
nonlinear,18,1.2,a200,0.1259325090800537
nonlinear,18,1.2,a300,0.13759764167371513
nonlinear,18,1.4,L0_null,-0.0009327630485085336
nonlinear,18,1.4,L1_redundant,0.0
nonlinear,18,1.4,a025,0.008935566972549713
nonlinear,18,1.4,a045,0.029655704123403792
nonlinear,18,1.4,a070,0.05672574249453821
nonlinear,18,1.4,a100,0.08058576868302847
nonlinear,18,1.4,a150,0.1086857407464683
nonlinear,18,1.4,a200,0.12656113216822895
nonlinear,18,1.4,a300,0.1362237258906297
nonlinear,18,1.6,L0_null,-0.0007778243652458716
nonlinear,18,1.6,L1_redundant,0.0
nonlinear,18,1.6,a025,0.010599704946036126
nonlinear,18,1.6,a045,0.02531625126174375
nonlinear,18,1.6,a070,0.05732755648730481
nonlinear,18,1.6,a100,0.07084661852628293
nonlinear,18,1.6,a150,0.0986629396692289
nonlinear,18,1.6,a200,0.10452078577529289
nonlinear,18,1.6,a300,0.11684671170121896
nonlinear,18,1.8,L0_null,-0.0017681710831838338
nonlinear,18,1.8,L1_redundant,0.0
nonlinear,18,1.8,a025,0.005554041008956179
nonlinear,18,1.8,a045,0.022013314106040016
nonlinear,18,1.8,a070,0.04315266033834475
nonlinear,18,1.8,a100,0.06002520602799477
nonlinear,18,1.8,a150,0.08621419959439947
nonlinear,18,1.8,a200,0.09357427535152385
nonlinear,18,1.8,a300,0.10568965500118188
nonlinear,18,2.0,L0_null,-0.0006386399171970369
nonlinear,18,2.0,L1_redundant,0.0
nonlinear,18,2.0,a025,0.008609751971475399
nonlinear,18,2.0,a045,0.019778818376012697
nonlinear,18,2.0,a070,0.03663483310276894
nonlinear,18,2.0,a100,0.055773134680950354
nonlinear,18,2.0,a150,0.07202066470603541
nonlinear,18,2.0,a200,0.0876444447336231
nonlinear,18,2.0,a300,0.09821090732914373
nonlinear,19,0.0,L0_null,-0.0012505653550429208
nonlinear,19,0.0,L1_redundant,0.0
nonlinear,19,0.0,a025,0.07501080456304332
nonlinear,19,0.0,a045,0.12868309965324887
nonlinear,19,0.0,a070,0.17836989295944516
nonlinear,19,0.0,a100,0.21620609075832964
nonlinear,19,0.0,a150,0.2549898236092265
nonlinear,19,0.0,a200,0.26646401829237654
nonlinear,19,0.0,a300,0.28530340720639236
nonlinear,19,0.2,L0_null,-0.0029294046829031473
nonlinear,19,0.2,L1_redundant,0.0
nonlinear,19,0.2,a025,0.04360117641172179
nonlinear,19,0.2,a045,0.08395870428933372
nonlinear,19,0.2,a070,0.1448774082551998
nonlinear,19,0.2,a100,0.17198008752834748
nonlinear,19,0.2,a150,0.20287492058614376
nonlinear,19,0.2,a200,0.2299582676078904
nonlinear,19,0.2,a300,0.2475895335949041
nonlinear,19,0.4,L0_null,-0.004874130842011604
nonlinear,19,0.4,L1_redundant,0.0
nonlinear,19,0.4,a025,0.03353215983775726
nonlinear,19,0.4,a045,0.07773556562738126
nonlinear,19,0.4,a070,0.10722554550577856
nonlinear,19,0.4,a100,0.1520940903209932
nonlinear,19,0.4,a150,0.1821184882604141
nonlinear,19,0.4,a200,0.20301920779622817
nonlinear,19,0.4,a300,0.22120256838169927
nonlinear,19,0.6,L0_null,0.0003808133830456306
nonlinear,19,0.6,L1_redundant,0.0
nonlinear,19,0.6,a025,0.011483025902668809
nonlinear,19,0.6,a045,0.056656568877551106
nonlinear,19,0.6,a070,0.08737220368916798
nonlinear,19,0.6,a100,0.12015870290423858
nonlinear,19,0.6,a150,0.1466596350078493
nonlinear,19,0.6,a200,0.1659436322605965
nonlinear,19,0.6,a300,0.1798200794740974
nonlinear,19,0.8,L0_null,-0.001999780849349597
nonlinear,19,0.8,L1_redundant,0.0
nonlinear,19,0.8,a025,0.0044829895838619516
nonlinear,19,0.8,a045,0.044994570474074735
nonlinear,19,0.8,a070,0.06604175904423382
nonlinear,19,0.8,a100,0.093920514133908
nonlinear,19,0.8,a150,0.11966660180239563
nonlinear,19,0.8,a200,0.13830562639999933
nonlinear,19,0.8,a300,0.15301527235701262
nonlinear,19,1.0,L0_null,-0.0011416479092780651
nonlinear,19,1.0,L1_redundant,0.0
nonlinear,19,1.0,a025,0.011936392057339207
nonlinear,19,1.0,a045,0.035049981554079124
nonlinear,19,1.0,a070,0.05933886988280923
nonlinear,19,1.0,a100,0.09485338317809011
nonlinear,19,1.0,a150,0.12907984842432352
nonlinear,19,1.0,a200,0.14676247701089418
nonlinear,19,1.0,a300,0.15917184458339972
nonlinear,19,1.2,L0_null,-0.0006590347583507183
nonlinear,19,1.2,L1_redundant,0.0
nonlinear,19,1.2,a025,0.01557343501677999
nonlinear,19,1.2,a045,0.030978621749941593
nonlinear,19,1.2,a070,0.05303609636065265
nonlinear,19,1.2,a100,0.08926967283560416
nonlinear,19,1.2,a150,0.11459627391119687
nonlinear,19,1.2,a200,0.1315853624491765
nonlinear,19,1.2,a300,0.14495113072816856
nonlinear,19,1.4,L0_null,-0.0011436646495166514
nonlinear,19,1.4,L1_redundant,0.0
nonlinear,19,1.4,a025,0.010172911410984975
nonlinear,19,1.4,a045,0.026678352523800575
nonlinear,19,1.4,a070,0.05553869188628413
nonlinear,19,1.4,a100,0.08132363051057145
nonlinear,19,1.4,a150,0.10941749114199717
nonlinear,19,1.4,a200,0.1256599505439615
nonlinear,19,1.4,a300,0.13476932747076742
nonlinear,19,1.6,L0_null,-0.0015313250202015904
nonlinear,19,1.6,L1_redundant,0.0
nonlinear,19,1.6,a025,0.010178289630226711
nonlinear,19,1.6,a045,0.02891240833283837
nonlinear,19,1.6,a070,0.048473442546359324
nonlinear,19,1.6,a100,0.06706310832196416
nonlinear,19,1.6,a150,0.1001430765943978
nonlinear,19,1.6,a200,0.10855122889762825
nonlinear,19,1.6,a300,0.11930497435123599
nonlinear,19,1.8,L0_null,-0.0018734908111122106
nonlinear,19,1.8,L1_redundant,0.0
nonlinear,19,1.8,a025,0.011234379473061606
nonlinear,19,1.8,a045,0.02248127035659142
nonlinear,19,1.8,a070,0.047701548602927524
nonlinear,19,1.8,a100,0.06799344600292023
nonlinear,19,1.8,a150,0.08954837648345382
nonlinear,19,1.8,a200,0.10666733063854894
nonlinear,19,1.8,a300,0.11402763237908431
nonlinear,19,2.0,L0_null,-5.088642286954492e-05
nonlinear,19,2.0,L1_redundant,0.0
nonlinear,19,2.0,a025,0.007117272974258015
nonlinear,19,2.0,a045,0.02427927759648274
nonlinear,19,2.0,a070,0.03879717404112293
nonlinear,19,2.0,a100,0.057442331720150897
nonlinear,19,2.0,a150,0.0768820622753007
nonlinear,19,2.0,a200,0.0899231354376896
nonlinear,19,2.0,a300,0.09991052677500822
nonlinear,2,0.0,L0_null,0.0026078319540985273
nonlinear,2,0.0,L1_redundant,0.0
nonlinear,2,0.0,a025,0.05765380948524734
nonlinear,2,0.0,a045,0.1100432053162933
nonlinear,2,0.0,a070,0.15284448868285516
nonlinear,2,0.0,a100,0.19248020574007463
nonlinear,2,0.0,a150,0.221546356847644
nonlinear,2,0.0,a200,0.24548117800252478
nonlinear,2,0.0,a300,0.26294290231022877
nonlinear,2,0.2,L0_null,-0.0015281079615111492
nonlinear,2,0.2,L1_redundant,0.0
nonlinear,2,0.2,a025,0.03313211029245722
nonlinear,2,0.2,a045,0.07893955822928767
nonlinear,2,0.2,a070,0.12684694950558129
nonlinear,2,0.2,a100,0.1567837760315849
nonlinear,2,0.2,a150,0.19953702443460453
nonlinear,2,0.2,a200,0.21901736060701393
nonlinear,2,0.2,a300,0.22728896722560987
nonlinear,2,0.4,L0_null,-0.00032627719723499204
nonlinear,2,0.4,L1_redundant,0.0
nonlinear,2,0.4,a025,0.03227963221803709
nonlinear,2,0.4,a045,0.06799200639668768
nonlinear,2,0.4,a070,0.10413005762559202
nonlinear,2,0.4,a100,0.14328582822577285
nonlinear,2,0.4,a150,0.17572941379532092
nonlinear,2,0.4,a200,0.19942029704887732
nonlinear,2,0.4,a300,0.21190970682809307
nonlinear,2,0.6,L0_null,-0.005005497068416576
nonlinear,2,0.6,L1_redundant,0.0
nonlinear,2,0.6,a025,0.013417298809845324
nonlinear,2,0.6,a045,0.056675701813541424
nonlinear,2,0.6,a070,0.09046106606940285
nonlinear,2,0.6,a100,0.1184592440346457
nonlinear,2,0.6,a150,0.16536171655272325
nonlinear,2,0.6,a200,0.17398554185823922
nonlinear,2,0.6,a300,0.19298931960830001
nonlinear,2,0.8,L0_null,-0.0025654682150524355
nonlinear,2,0.8,L1_redundant,0.0
nonlinear,2,0.8,a025,0.013354877354149641
nonlinear,2,0.8,a045,0.03223710348630027
nonlinear,2,0.8,a070,0.07630779334767124
nonlinear,2,0.8,a100,0.10950824598494724
nonlinear,2,0.8,a150,0.1308352049638073
nonlinear,2,0.8,a200,0.15073449671721428
nonlinear,2,0.8,a300,0.1683722490579348
nonlinear,2,1.0,L0_null,-0.00041235606154510496
nonlinear,2,1.0,L1_redundant,0.0
nonlinear,2,1.0,a025,0.012102876067520363
nonlinear,2,1.0,a045,0.030440039284113873
nonlinear,2,1.0,a070,0.06794632442448456
nonlinear,2,1.0,a100,0.09154972014836427
nonlinear,2,1.0,a150,0.12054546436937241
nonlinear,2,1.0,a200,0.13859950227409257
nonlinear,2,1.0,a300,0.1525634155566361
nonlinear,2,1.2,L0_null,-0.001150174592797537
nonlinear,2,1.2,L1_redundant,0.0
nonlinear,2,1.2,a025,0.009332333594628706
nonlinear,2,1.2,a045,0.027243106915238013
nonlinear,2,1.2,a070,0.056780428255837956
nonlinear,2,1.2,a100,0.0858258533668369
nonlinear,2,1.2,a150,0.10833856440413814
nonlinear,2,1.2,a200,0.12598386991829613
nonlinear,2,1.2,a300,0.13425365064709327
nonlinear,2,1.4,L0_null,-0.001115268817899584
nonlinear,2,1.4,L1_redundant,0.0
nonlinear,2,1.4,a025,0.009789706200004189
nonlinear,2,1.4,a045,0.027156487939714258
nonlinear,2,1.4,a070,0.05208896682844699
nonlinear,2,1.4,a100,0.0714513815045068
nonlinear,2,1.4,a150,0.093253994654519
nonlinear,2,1.4,a200,0.10681019687849092
nonlinear,2,1.4,a300,0.11988975023375437
nonlinear,2,1.6,L0_null,0.0005082342405093865
nonlinear,2,1.6,L1_redundant,0.0
nonlinear,2,1.6,a025,0.005438703418080393
nonlinear,2,1.6,a045,0.030178864620130308
nonlinear,2,1.6,a070,0.05340178615851532
nonlinear,2,1.6,a100,0.07612903627046108
nonlinear,2,1.6,a150,0.0929435544056918
nonlinear,2,1.6,a200,0.10441191104035019
nonlinear,2,1.6,a300,0.12049927857107312
nonlinear,2,1.8,L0_null,0.0010078024895329163
nonlinear,2,1.8,L1_redundant,0.0
nonlinear,2,1.8,a025,0.009200569100025424
nonlinear,2,1.8,a045,0.028203336773638288
nonlinear,2,1.8,a070,0.044936800292587065
nonlinear,2,1.8,a100,0.0624612457023741
nonlinear,2,1.8,a150,0.08744228502714513
nonlinear,2,1.8,a200,0.09892932589522108
nonlinear,2,1.8,a300,0.11102537195223972
nonlinear,2,2.0,L0_null,-0.0009000240592410558
nonlinear,2,2.0,L1_redundant,0.0
nonlinear,2,2.0,a025,0.00651740477638707
nonlinear,2,2.0,a045,0.022867894173494663
nonlinear,2,2.0,a070,0.03962887239511004
nonlinear,2,2.0,a100,0.05524628324909242
nonlinear,2,2.0,a150,0.07460945171551425
nonlinear,2,2.0,a200,0.08821146164158356
nonlinear,2,2.0,a300,0.09826184540907978
nonlinear,20,0.0,L0_null,6.902832219507493e-05
nonlinear,20,0.0,L1_redundant,0.0
nonlinear,20,0.0,a025,0.06727563034153711
nonlinear,20,0.0,a045,0.11596356509446087
nonlinear,20,0.0,a070,0.16498245927579996
nonlinear,20,0.0,a100,0.2050080926294821
nonlinear,20,0.0,a150,0.23779968332315898
nonlinear,20,0.0,a200,0.25987456424302774
nonlinear,20,0.0,a300,0.2746830219444802
nonlinear,20,0.2,L0_null,0.002825222259629334
nonlinear,20,0.2,L1_redundant,0.0
nonlinear,20,0.2,a025,0.05577164303794335
nonlinear,20,0.2,a045,0.08184865147944498
nonlinear,20,0.2,a070,0.11322373096921423
nonlinear,20,0.2,a100,0.16114128605094835
nonlinear,20,0.2,a150,0.19498098480030934
nonlinear,20,0.2,a200,0.2107899100986298
nonlinear,20,0.2,a300,0.2276312672227836
nonlinear,20,0.4,L0_null,0.000522575000903025
nonlinear,20,0.4,L1_redundant,0.0
nonlinear,20,0.4,a025,0.029831078134402222
nonlinear,20,0.4,a045,0.07698944441290922
nonlinear,20,0.4,a070,0.10623942216697202
nonlinear,20,0.4,a100,0.13641951294046484
nonlinear,20,0.4,a150,0.17894732602575802
nonlinear,20,0.4,a200,0.19908257377249938
nonlinear,20,0.4,a300,0.22042646500037566
nonlinear,20,0.6,L0_null,-0.0008679340335011609
nonlinear,20,0.6,L1_redundant,0.0
nonlinear,20,0.6,a025,0.020452459694192182
nonlinear,20,0.6,a045,0.061134593876116305
nonlinear,20,0.6,a070,0.10106106472261478
nonlinear,20,0.6,a100,0.12617482818192716
nonlinear,20,0.6,a150,0.16357000247371867
nonlinear,20,0.6,a200,0.17486757075311932
nonlinear,20,0.6,a300,0.19476093491510815
nonlinear,20,0.8,L0_null,0.0012727135996797312
nonlinear,20,0.8,L1_redundant,0.0
nonlinear,20,0.8,a025,0.014172610400505326
nonlinear,20,0.8,a045,0.04191050075735292
nonlinear,20,0.8,a070,0.08956517121865981
nonlinear,20,0.8,a100,0.11973352662218573
nonlinear,20,0.8,a150,0.14347683150587975
nonlinear,20,0.8,a200,0.16172672391146736
nonlinear,20,0.8,a300,0.17594290560298853
nonlinear,20,1.0,L0_null,-0.0018442154292753754
nonlinear,20,1.0,L1_redundant,0.0
nonlinear,20,1.0,a025,0.012745702311616092
nonlinear,20,1.0,a045,0.0366473820237766
nonlinear,20,1.0,a070,0.062446716437023264
nonlinear,20,1.0,a100,0.09051354517374888
nonlinear,20,1.0,a150,0.12065952282840997
nonlinear,20,1.0,a200,0.13515452046412701
nonlinear,20,1.0,a300,0.14746610654669712
nonlinear,20,1.2,L0_null,-0.0003191881102051486
nonlinear,20,1.2,L1_redundant,0.0
nonlinear,20,1.2,a025,0.009088057686270967
nonlinear,20,1.2,a045,0.030958857180801713
nonlinear,20,1.2,a070,0.06007464826426068
nonlinear,20,1.2,a100,0.07706380643265909
nonlinear,20,1.2,a150,0.10626637442551168
nonlinear,20,1.2,a200,0.1281008282290066
nonlinear,20,1.2,a300,0.1419682814046892
nonlinear,20,1.4,L0_null,-0.0002447624332329035
nonlinear,20,1.4,L1_redundant,0.0
nonlinear,20,1.4,a025,0.012321081405839651
nonlinear,20,1.4,a045,0.03325775056088276
nonlinear,20,1.4,a070,0.04511188712085523
nonlinear,20,1.4,a100,0.075489250413177
nonlinear,20,1.4,a150,0.09822109358158548
nonlinear,20,1.4,a200,0.11530294154045129
nonlinear,20,1.4,a300,0.12787739323268055
nonlinear,20,1.6,L0_null,-0.000902499695691894
nonlinear,20,1.6,L1_redundant,0.0
nonlinear,20,1.6,a025,0.011662583216551892
nonlinear,20,1.6,a045,0.025410566200269047
nonlinear,20,1.6,a070,0.050994416337129755
nonlinear,20,1.6,a100,0.06311605217244753
nonlinear,20,1.6,a150,0.09099079585142278
nonlinear,20,1.6,a200,0.10179045502638895
nonlinear,20,1.6,a300,0.11045040714858667
nonlinear,20,1.8,L0_null,-0.00029036698971418584
nonlinear,20,1.8,L1_redundant,0.0
nonlinear,20,1.8,a025,0.005981433466547781
nonlinear,20,1.8,a045,0.02767241694523548
nonlinear,20,1.8,a070,0.04138608928297827
nonlinear,20,1.8,a100,0.06267119158388668
nonlinear,20,1.8,a150,0.08847779502266706
nonlinear,20,1.8,a200,0.09640677492610816
nonlinear,20,1.8,a300,0.10827044895291371
nonlinear,20,2.0,L0_null,-0.0009762321053180534
nonlinear,20,2.0,L1_redundant,0.0
nonlinear,20,2.0,a025,0.008993368547612679
nonlinear,20,2.0,a045,0.017697243231150073
nonlinear,20,2.0,a070,0.03406647695932785
nonlinear,20,2.0,a100,0.053220781175026155
nonlinear,20,2.0,a150,0.07241507141928227
nonlinear,20,2.0,a200,0.08322213646471677
nonlinear,20,2.0,a300,0.0901062108641415
nonlinear,3,0.0,L0_null,0.011101463586836724
nonlinear,3,0.0,L1_redundant,0.0
nonlinear,3,0.0,a025,0.07104186131808254
nonlinear,3,0.0,a045,0.13301491082489325
nonlinear,3,0.0,a070,0.17453259579601732
nonlinear,3,0.0,a100,0.21424730150434246
nonlinear,3,0.0,a150,0.25518004711288766
nonlinear,3,0.0,a200,0.26816967895010146
nonlinear,3,0.0,a300,0.2815202068653817
nonlinear,3,0.2,L0_null,-0.0015462971701901695
nonlinear,3,0.2,L1_redundant,0.0
nonlinear,3,0.2,a025,0.04523256520289809
nonlinear,3,0.2,a045,0.08143817120630381
nonlinear,3,0.2,a070,0.1357078615979631
nonlinear,3,0.2,a100,0.17426118359224407
nonlinear,3,0.2,a150,0.21251492266819827
nonlinear,3,0.2,a200,0.2276454288692008
nonlinear,3,0.2,a300,0.2425797691291287
nonlinear,3,0.4,L0_null,0.00040955988757884754
nonlinear,3,0.4,L1_redundant,0.0
nonlinear,3,0.4,a025,0.02244098439121056
nonlinear,3,0.4,a045,0.06216785824738702
nonlinear,3,0.4,a070,0.10824287927253884
nonlinear,3,0.4,a100,0.13416285324773458
nonlinear,3,0.4,a150,0.17273684120206023
nonlinear,3,0.4,a200,0.1975085303732771
nonlinear,3,0.4,a300,0.21486324977532334
nonlinear,3,0.6,L0_null,-0.0006335331155202795
nonlinear,3,0.6,L1_redundant,0.0
nonlinear,3,0.6,a025,0.02050018700601819
nonlinear,3,0.6,a045,0.05051870214732357
nonlinear,3,0.6,a070,0.08900880628340213
nonlinear,3,0.6,a100,0.12786797684216378
nonlinear,3,0.6,a150,0.15373069278774965
nonlinear,3,0.6,a200,0.17136143472253562
nonlinear,3,0.6,a300,0.19294619481390574
nonlinear,3,0.8,L0_null,0.00042200543252046696
nonlinear,3,0.8,L1_redundant,0.0
nonlinear,3,0.8,a025,0.015928604456251882
nonlinear,3,0.8,a045,0.051289273625187204
nonlinear,3,0.8,a070,0.08440259142688122
nonlinear,3,0.8,a100,0.11724013212720441
nonlinear,3,0.8,a150,0.14332169818999174
nonlinear,3,0.8,a200,0.1583700482239967
nonlinear,3,0.8,a300,0.17793517319341223
nonlinear,3,1.0,L0_null,-0.0008912564356480246
nonlinear,3,1.0,L1_redundant,0.0
nonlinear,3,1.0,a025,0.013807384579412108
nonlinear,3,1.0,a045,0.03755618265573979
nonlinear,3,1.0,a070,0.07405750854907678
nonlinear,3,1.0,a100,0.10308065236032782
nonlinear,3,1.0,a150,0.13378970930414003
nonlinear,3,1.0,a200,0.15193844714186133
nonlinear,3,1.0,a300,0.15953700735990917
nonlinear,3,1.2,L0_null,0.000387481920435806
nonlinear,3,1.2,L1_redundant,0.0
nonlinear,3,1.2,a025,0.01118231071373399
nonlinear,3,1.2,a045,0.030317310142008558
nonlinear,3,1.2,a070,0.05333289618067327
nonlinear,3,1.2,a100,0.07334454132572099
nonlinear,3,1.2,a150,0.1041822344836717
nonlinear,3,1.2,a200,0.12576060801498923
nonlinear,3,1.2,a300,0.139891881197454
nonlinear,3,1.4,L0_null,-0.002070113205184576
nonlinear,3,1.4,L1_redundant,0.0
nonlinear,3,1.4,a025,0.005235273641452265
nonlinear,3,1.4,a045,0.024505610495690888
nonlinear,3,1.4,a070,0.05376195494117608
nonlinear,3,1.4,a100,0.0786154113056019
nonlinear,3,1.4,a150,0.09923722102954635
nonlinear,3,1.4,a200,0.1112629099894874
nonlinear,3,1.4,a300,0.12324058150250705
nonlinear,3,1.6,L0_null,-0.0010112083360052093
nonlinear,3,1.6,L1_redundant,0.0
nonlinear,3,1.6,a025,0.007713707844953399
nonlinear,3,1.6,a045,0.027190744558518776
nonlinear,3,1.6,a070,0.04728728181882458
nonlinear,3,1.6,a100,0.06683802360048885
nonlinear,3,1.6,a150,0.08901468167159077
nonlinear,3,1.6,a200,0.09878709176054201
nonlinear,3,1.6,a300,0.11248350927846007
nonlinear,3,1.8,L0_null,-0.0005281607127347598
nonlinear,3,1.8,L1_redundant,0.0
nonlinear,3,1.8,a025,0.009972763708106291
nonlinear,3,1.8,a045,0.020480884962340795
nonlinear,3,1.8,a070,0.046924036182700135
nonlinear,3,1.8,a100,0.058700289114169024
nonlinear,3,1.8,a150,0.08557835242148637
nonlinear,3,1.8,a200,0.08838859177823821
nonlinear,3,1.8,a300,0.1045180603293171
nonlinear,3,2.0,L0_null,-0.0009806024518992373
nonlinear,3,2.0,L1_redundant,0.0
nonlinear,3,2.0,a025,0.006770879931759066
nonlinear,3,2.0,a045,0.018888373537597203
nonlinear,3,2.0,a070,0.041660786296297436
nonlinear,3,2.0,a100,0.06524790331261066
nonlinear,3,2.0,a150,0.08771996484630373
nonlinear,3,2.0,a200,0.09701163633269028
nonlinear,3,2.0,a300,0.10597176099529437
nonlinear,4,0.0,L0_null,-0.0020194495979588556
nonlinear,4,0.0,L1_redundant,0.0
nonlinear,4,0.0,a025,0.049760961055529074
nonlinear,4,0.0,a045,0.10256898638533163
nonlinear,4,0.0,a070,0.15441743516632989
nonlinear,4,0.0,a100,0.1931720029016185
nonlinear,4,0.0,a150,0.22079661454350807
nonlinear,4,0.0,a200,0.239039133116282
nonlinear,4,0.0,a300,0.2539245171682455
nonlinear,4,0.2,L0_null,3.980300034012174e-05
nonlinear,4,0.2,L1_redundant,0.0
nonlinear,4,0.2,a025,0.03478505120227737
nonlinear,4,0.2,a045,0.08136035570782585
nonlinear,4,0.2,a070,0.13681638976710198
nonlinear,4,0.2,a100,0.1622736834149966
nonlinear,4,0.2,a150,0.20640072552304412
nonlinear,4,0.2,a200,0.22657505258782473
nonlinear,4,0.2,a300,0.24158934891864303
nonlinear,4,0.4,L0_null,-0.001406148638608884
nonlinear,4,0.4,L1_redundant,0.0
nonlinear,4,0.4,a025,0.028804927368773714
nonlinear,4,0.4,a045,0.05825906751550458
nonlinear,4,0.4,a070,0.09708611560686276
nonlinear,4,0.4,a100,0.1370804970108095
nonlinear,4,0.4,a150,0.1819535343606017
nonlinear,4,0.4,a200,0.20495716132931296
nonlinear,4,0.4,a300,0.2139137982896524
nonlinear,4,0.6,L0_null,-0.000495702189059366
nonlinear,4,0.6,L1_redundant,0.0
nonlinear,4,0.6,a025,0.01938776133807285
nonlinear,4,0.6,a045,0.05586256234317155
nonlinear,4,0.6,a070,0.09732244738316753
nonlinear,4,0.6,a100,0.13349193225823308
nonlinear,4,0.6,a150,0.16191302256857432
nonlinear,4,0.6,a200,0.18131356777238583
nonlinear,4,0.6,a300,0.19122137552150376
nonlinear,4,0.8,L0_null,-0.003984977965452718
nonlinear,4,0.8,L1_redundant,0.0
nonlinear,4,0.8,a025,0.01779869455229699
nonlinear,4,0.8,a045,0.040679725969812175
nonlinear,4,0.8,a070,0.07258363866837136
nonlinear,4,0.8,a100,0.10272019444920122
nonlinear,4,0.8,a150,0.12632352067483077
nonlinear,4,0.8,a200,0.14388176232444372
nonlinear,4,0.8,a300,0.15854782922139943
nonlinear,4,1.0,L0_null,0.0009917836108485067
nonlinear,4,1.0,L1_redundant,0.0
nonlinear,4,1.0,a025,0.016638140611218488
nonlinear,4,1.0,a045,0.03556308663090102
nonlinear,4,1.0,a070,0.06144164593337742
nonlinear,4,1.0,a100,0.09530063006016076
nonlinear,4,1.0,a150,0.11928553137813414
nonlinear,4,1.0,a200,0.13669997692203129
nonlinear,4,1.0,a300,0.1502087449694769
nonlinear,4,1.2,L0_null,-0.0005106398956191693
nonlinear,4,1.2,L1_redundant,0.0
nonlinear,4,1.2,a025,0.015246605903022292
nonlinear,4,1.2,a045,0.03198207754091842
nonlinear,4,1.2,a070,0.05690017803560099
nonlinear,4,1.2,a100,0.08760252691654236
nonlinear,4,1.2,a150,0.11100472779952375
nonlinear,4,1.2,a200,0.12002540683794394
nonlinear,4,1.2,a300,0.1355447294891412
nonlinear,4,1.4,L0_null,-0.001748267628007838
nonlinear,4,1.4,L1_redundant,0.0
nonlinear,4,1.4,a025,0.01056063150585651
nonlinear,4,1.4,a045,0.025492562860931822
nonlinear,4,1.4,a070,0.04931015463678201
nonlinear,4,1.4,a100,0.0701840260466392
nonlinear,4,1.4,a150,0.10486906033075027
nonlinear,4,1.4,a200,0.11422994980006795
nonlinear,4,1.4,a300,0.12981890076884395
nonlinear,4,1.6,L0_null,0.0010776231836081562
nonlinear,4,1.6,L1_redundant,0.0
nonlinear,4,1.6,a025,0.006306278120136621
nonlinear,4,1.6,a045,0.03042639159983751
nonlinear,4,1.6,a070,0.04630512253264407
nonlinear,4,1.6,a100,0.06763000106980144
nonlinear,4,1.6,a150,0.0945011949481146
nonlinear,4,1.6,a200,0.10539916716960795
nonlinear,4,1.6,a300,0.11637586063513916
nonlinear,4,1.8,L0_null,-0.0013555432951759538
nonlinear,4,1.8,L1_redundant,0.0
nonlinear,4,1.8,a025,0.006523969455107692
nonlinear,4,1.8,a045,0.02017628992373577
nonlinear,4,1.8,a070,0.04041885141297641
nonlinear,4,1.8,a100,0.0568620111353868
nonlinear,4,1.8,a150,0.08091291979288473
nonlinear,4,1.8,a200,0.09473835267786868
nonlinear,4,1.8,a300,0.10159330198579075
nonlinear,4,2.0,L0_null,0.0007784027830387563
nonlinear,4,2.0,L1_redundant,0.0
nonlinear,4,2.0,a025,0.004966903070007911
nonlinear,4,2.0,a045,0.018244500663123442
nonlinear,4,2.0,a070,0.0390661133094774
nonlinear,4,2.0,a100,0.061092075784034305
nonlinear,4,2.0,a150,0.08232602130542
nonlinear,4,2.0,a200,0.09156273151179928
nonlinear,4,2.0,a300,0.0994118048217103
nonlinear,5,0.0,L0_null,-0.013624068846457615
nonlinear,5,0.0,L1_redundant,0.0
nonlinear,5,0.0,a025,0.06193049621335489
nonlinear,5,0.0,a045,0.12107872490181337
nonlinear,5,0.0,a070,0.1498871435153295
nonlinear,5,0.0,a100,0.18680487083785435
nonlinear,5,0.0,a150,0.22584503544023793
nonlinear,5,0.0,a200,0.24459554507030767
nonlinear,5,0.0,a300,0.2563630597113855
nonlinear,5,0.2,L0_null,-0.001969025446069028
nonlinear,5,0.2,L1_redundant,0.0
nonlinear,5,0.2,a025,0.03796719231885226
nonlinear,5,0.2,a045,0.07560188363938969
nonlinear,5,0.2,a070,0.1313911044866276
nonlinear,5,0.2,a100,0.16369578731727286
nonlinear,5,0.2,a150,0.1871861959375174
nonlinear,5,0.2,a200,0.20850785368107472
nonlinear,5,0.2,a300,0.22661466893979776
nonlinear,5,0.4,L0_null,-0.0028139319128862583
nonlinear,5,0.4,L1_redundant,0.0
nonlinear,5,0.4,a025,0.01903357182168408
nonlinear,5,0.4,a045,0.07956638100479596
nonlinear,5,0.4,a070,0.10512675524805415
nonlinear,5,0.4,a100,0.1406470319993709
nonlinear,5,0.4,a150,0.18577422753361106
nonlinear,5,0.4,a200,0.19638298608381166
nonlinear,5,0.4,a300,0.21226347983332017
nonlinear,5,0.6,L0_null,-0.0021316479308217673
nonlinear,5,0.6,L1_redundant,0.0
nonlinear,5,0.6,a025,0.024456617745887144
nonlinear,5,0.6,a045,0.051347644317807806
nonlinear,5,0.6,a070,0.0893431308167214
nonlinear,5,0.6,a100,0.1259590938346289
nonlinear,5,0.6,a150,0.1598307204489713
nonlinear,5,0.6,a200,0.17970430771671886
nonlinear,5,0.6,a300,0.19160376645617982
nonlinear,5,0.8,L0_null,-0.0011552316226193238
nonlinear,5,0.8,L1_redundant,0.0
nonlinear,5,0.8,a025,0.014745718181364942
nonlinear,5,0.8,a045,0.04214953360401541
nonlinear,5,0.8,a070,0.07659974602771935
nonlinear,5,0.8,a100,0.11163128620401008
nonlinear,5,0.8,a150,0.13969293311811615
nonlinear,5,0.8,a200,0.15538739832426596
nonlinear,5,0.8,a300,0.16690737662136323
nonlinear,5,1.0,L0_null,-0.0018457350256259053
nonlinear,5,1.0,L1_redundant,0.0
nonlinear,5,1.0,a025,0.014190911112896498
nonlinear,5,1.0,a045,0.03783052707427992
nonlinear,5,1.0,a070,0.06723756206566922
nonlinear,5,1.0,a100,0.09450879999436734
nonlinear,5,1.0,a150,0.13255646496982265
nonlinear,5,1.0,a200,0.1413575280528464
nonlinear,5,1.0,a300,0.15999190793554163
nonlinear,5,1.2,L0_null,-0.001398609398998385
nonlinear,5,1.2,L1_redundant,0.0
nonlinear,5,1.2,a025,0.009581226724817982
nonlinear,5,1.2,a045,0.03299982005976698
nonlinear,5,1.2,a070,0.05502452944758596
nonlinear,5,1.2,a100,0.08617284285298421
nonlinear,5,1.2,a150,0.11015078046433535
nonlinear,5,1.2,a200,0.1306909518415521
nonlinear,5,1.2,a300,0.14482067469753057
nonlinear,5,1.4,L0_null,-0.0004022638841162385
nonlinear,5,1.4,L1_redundant,0.0
nonlinear,5,1.4,a025,0.009295580774835943
nonlinear,5,1.4,a045,0.029778312311481425
nonlinear,5,1.4,a070,0.05193964331032064
nonlinear,5,1.4,a100,0.07884843192703372
nonlinear,5,1.4,a150,0.09487663329054075
nonlinear,5,1.4,a200,0.1136919221445215
nonlinear,5,1.4,a300,0.12227855156242029
nonlinear,5,1.6,L0_null,-0.00010968372529363002
nonlinear,5,1.6,L1_redundant,0.0
nonlinear,5,1.6,a025,0.007720661132068152
nonlinear,5,1.6,a045,0.01962015989366528
nonlinear,5,1.6,a070,0.04884806508050765
nonlinear,5,1.6,a100,0.06712219727822133
nonlinear,5,1.6,a150,0.09258803803517124
nonlinear,5,1.6,a200,0.0979234836848889
nonlinear,5,1.6,a300,0.11318861320714335
nonlinear,5,1.8,L0_null,-0.0012201239070083192
nonlinear,5,1.8,L1_redundant,0.0
nonlinear,5,1.8,a025,0.006811719521388926
nonlinear,5,1.8,a045,0.02211607526232784
nonlinear,5,1.8,a070,0.044870038129799616
nonlinear,5,1.8,a100,0.0659634897769793
nonlinear,5,1.8,a150,0.08525829130217133
nonlinear,5,1.8,a200,0.09924210345107332
nonlinear,5,1.8,a300,0.10542867333229122
nonlinear,5,2.0,L0_null,-0.0008930812535857813
nonlinear,5,2.0,L1_redundant,0.0
nonlinear,5,2.0,a025,0.003531113541467401
nonlinear,5,2.0,a045,0.019296058240900194
nonlinear,5,2.0,a070,0.04258278152291706
nonlinear,5,2.0,a100,0.05847596736150951
nonlinear,5,2.0,a150,0.07921069197424635
nonlinear,5,2.0,a200,0.08930762733473596
nonlinear,5,2.0,a300,0.09733701671766437
nonlinear,6,0.0,L0_null,0.0017129265950947548
nonlinear,6,0.0,L1_redundant,0.0
nonlinear,6,0.0,a025,0.0734250427062682
nonlinear,6,0.0,a045,0.12496895223132459
nonlinear,6,0.0,a070,0.1731138168805098
nonlinear,6,0.0,a100,0.19808407835509173
nonlinear,6,0.0,a150,0.24544289829050242
nonlinear,6,0.0,a200,0.25894256786244224
nonlinear,6,0.0,a300,0.28254248806094845
nonlinear,6,0.2,L0_null,-0.00846210407416792
nonlinear,6,0.2,L1_redundant,0.0
nonlinear,6,0.2,a025,0.04688300025970038
nonlinear,6,0.2,a045,0.09417463759273337
nonlinear,6,0.2,a070,0.14762524288248713
nonlinear,6,0.2,a100,0.16376521828916857
nonlinear,6,0.2,a150,0.21605299140485412
nonlinear,6,0.2,a200,0.22441134046101519
nonlinear,6,0.2,a300,0.2396292854483273
nonlinear,6,0.4,L0_null,-0.00125013527162543
nonlinear,6,0.4,L1_redundant,0.0
nonlinear,6,0.4,a025,0.034112372644269695
nonlinear,6,0.4,a045,0.06175838583876425
nonlinear,6,0.4,a070,0.10538411129548131
nonlinear,6,0.4,a100,0.14596334439554637
nonlinear,6,0.4,a150,0.17529874988977867
nonlinear,6,0.4,a200,0.19320608281429097
nonlinear,6,0.4,a300,0.20417836515723575
nonlinear,6,0.6,L0_null,-0.0011720985943149964
nonlinear,6,0.6,L1_redundant,0.0
nonlinear,6,0.6,a025,0.023750183266702196
nonlinear,6,0.6,a045,0.0585500274262738
nonlinear,6,0.6,a070,0.0940828140414065
nonlinear,6,0.6,a100,0.13445682609553677
nonlinear,6,0.6,a150,0.16455509435421645
nonlinear,6,0.6,a200,0.18087954089499303
nonlinear,6,0.6,a300,0.19630926043071995
nonlinear,6,0.8,L0_null,-0.0045859962704484225
nonlinear,6,0.8,L1_redundant,0.0
nonlinear,6,0.8,a025,0.018384939800292655
nonlinear,6,0.8,a045,0.05014939460971268
nonlinear,6,0.8,a070,0.07719840143603762
nonlinear,6,0.8,a100,0.10967766834284776
nonlinear,6,0.8,a150,0.14124673372136942
nonlinear,6,0.8,a200,0.1561950195333499
nonlinear,6,0.8,a300,0.16466537509115364
nonlinear,6,1.0,L0_null,-0.0006764847587011902
nonlinear,6,1.0,L1_redundant,0.0
nonlinear,6,1.0,a025,0.012571840648427535
nonlinear,6,1.0,a045,0.03526875240321081
nonlinear,6,1.0,a070,0.05847452437471612
nonlinear,6,1.0,a100,0.09707219541629197
nonlinear,6,1.0,a150,0.11702712387091962
nonlinear,6,1.0,a200,0.13642891628114473
nonlinear,6,1.0,a300,0.14607555900726865
nonlinear,6,1.2,L0_null,0.0003927556567101531
nonlinear,6,1.2,L1_redundant,0.0
nonlinear,6,1.2,a025,0.013657389700452494
nonlinear,6,1.2,a045,0.027280843636933505
nonlinear,6,1.2,a070,0.055051631016869496
nonlinear,6,1.2,a100,0.08379109661050099
nonlinear,6,1.2,a150,0.10516533122352678
nonlinear,6,1.2,a200,0.11330794371565711
nonlinear,6,1.2,a300,0.13060101777729016
nonlinear,6,1.4,L0_null,-0.0015644367600068376
nonlinear,6,1.4,L1_redundant,0.0
nonlinear,6,1.4,a025,0.012776139217327565
nonlinear,6,1.4,a045,0.033207825415925374
nonlinear,6,1.4,a070,0.05321367594030957
nonlinear,6,1.4,a100,0.08121117676531897
nonlinear,6,1.4,a150,0.10123048399884083
nonlinear,6,1.4,a200,0.12010773164655797
nonlinear,6,1.4,a300,0.1294686964246906
nonlinear,6,1.6,L0_null,0.0008241557577793879
nonlinear,6,1.6,L1_redundant,0.0
nonlinear,6,1.6,a025,0.013245925521029545
nonlinear,6,1.6,a045,0.02486955350518416
nonlinear,6,1.6,a070,0.047842491751796445
nonlinear,6,1.6,a100,0.06860898888665101
nonlinear,6,1.6,a150,0.09424510028926769
nonlinear,6,1.6,a200,0.10594835256827584
nonlinear,6,1.6,a300,0.11397293710731382
nonlinear,6,1.8,L0_null,-0.0015180506698043716
nonlinear,6,1.8,L1_redundant,0.0
nonlinear,6,1.8,a025,0.005468717114471167
nonlinear,6,1.8,a045,0.02808827789089452
nonlinear,6,1.8,a070,0.044015350504391204
nonlinear,6,1.8,a100,0.057262305191200125
nonlinear,6,1.8,a150,0.08154836796593967
nonlinear,6,1.8,a200,0.09934216763421311
nonlinear,6,1.8,a300,0.10815469315416426
nonlinear,6,2.0,L0_null,0.0019260072158145958
nonlinear,6,2.0,L1_redundant,0.0
nonlinear,6,2.0,a025,0.007249833488944923
nonlinear,6,2.0,a045,0.019641198859474907
nonlinear,6,2.0,a070,0.04048538978678551
nonlinear,6,2.0,a100,0.05884084410540813
nonlinear,6,2.0,a150,0.07445829828720008
nonlinear,6,2.0,a200,0.0870447230584106
nonlinear,6,2.0,a300,0.09802640382401961
nonlinear,7,0.0,L0_null,0.001750469955118017
nonlinear,7,0.0,L1_redundant,0.0
nonlinear,7,0.0,a025,0.07931778596629202
nonlinear,7,0.0,a045,0.12524311570876656
nonlinear,7,0.0,a070,0.16843685244127915
nonlinear,7,0.0,a100,0.20797523938751494
nonlinear,7,0.0,a150,0.24587702905571307
nonlinear,7,0.0,a200,0.26560095598999156
nonlinear,7,0.0,a300,0.2827938876291647
nonlinear,7,0.2,L0_null,-0.0007110296941675864
nonlinear,7,0.2,L1_redundant,0.0
nonlinear,7,0.2,a025,0.03103697491265789
nonlinear,7,0.2,a045,0.08204150497428431
nonlinear,7,0.2,a070,0.12961243967289415
nonlinear,7,0.2,a100,0.17964616226232621
nonlinear,7,0.2,a150,0.20957833513050295
nonlinear,7,0.2,a200,0.22809110983959358
nonlinear,7,0.2,a300,0.2396896650869741
nonlinear,7,0.4,L0_null,-0.0012694965939124003
nonlinear,7,0.4,L1_redundant,0.0
nonlinear,7,0.4,a025,0.022215756101798045
nonlinear,7,0.4,a045,0.08731979997766515
nonlinear,7,0.4,a070,0.10736409772803435
nonlinear,7,0.4,a100,0.14815798290131665
nonlinear,7,0.4,a150,0.1884325793202717
nonlinear,7,0.4,a200,0.21047226117060225
nonlinear,7,0.4,a300,0.2231523371096028
nonlinear,7,0.6,L0_null,0.0009356075162723076
nonlinear,7,0.6,L1_redundant,0.0
nonlinear,7,0.6,a025,0.01462253896080834
nonlinear,7,0.6,a045,0.053512620623994755
nonlinear,7,0.6,a070,0.09454121619637013
nonlinear,7,0.6,a100,0.13777296899246994
nonlinear,7,0.6,a150,0.16252177256884304
nonlinear,7,0.6,a200,0.18314200673740644
nonlinear,7,0.6,a300,0.19848705148938317
nonlinear,7,0.8,L0_null,-0.000811027696273503
nonlinear,7,0.8,L1_redundant,0.0
nonlinear,7,0.8,a025,0.02075916108703002
nonlinear,7,0.8,a045,0.053096907523137116
nonlinear,7,0.8,a070,0.0844195060588504
nonlinear,7,0.8,a100,0.12215931166750849
nonlinear,7,0.8,a150,0.152988774628119
nonlinear,7,0.8,a200,0.16446573364606154
nonlinear,7,0.8,a300,0.18039293449129512
nonlinear,7,1.0,L0_null,-0.0013613365779091557
nonlinear,7,1.0,L1_redundant,0.0
nonlinear,7,1.0,a025,0.01548916661911015
nonlinear,7,1.0,a045,0.04143845622188358
nonlinear,7,1.0,a070,0.06397208845419755
nonlinear,7,1.0,a100,0.09053717434131747
nonlinear,7,1.0,a150,0.12141137094056109
nonlinear,7,1.0,a200,0.13693565623885773
nonlinear,7,1.0,a300,0.15147235062489295
nonlinear,7,1.2,L0_null,-0.0011149928466452907
nonlinear,7,1.2,L1_redundant,0.0
nonlinear,7,1.2,a025,0.009124306708307661
nonlinear,7,1.2,a045,0.03369956354231307
nonlinear,7,1.2,a070,0.06538362479670035
nonlinear,7,1.2,a100,0.08565810678780739
nonlinear,7,1.2,a150,0.11564431839259359
nonlinear,7,1.2,a200,0.12822701575218942
nonlinear,7,1.2,a300,0.14052130821055553
nonlinear,7,1.4,L0_null,-0.0006683728935291677
nonlinear,7,1.4,L1_redundant,0.0
nonlinear,7,1.4,a025,0.01194705830190912
nonlinear,7,1.4,a045,0.030023011526339904
nonlinear,7,1.4,a070,0.059333679869838174
nonlinear,7,1.4,a100,0.08183544480540628
nonlinear,7,1.4,a150,0.11229497474709127
nonlinear,7,1.4,a200,0.12390558072381719
nonlinear,7,1.4,a300,0.13732656231704576
nonlinear,7,1.6,L0_null,0.00019377877960469192
nonlinear,7,1.6,L1_redundant,0.0
nonlinear,7,1.6,a025,0.009630406829581162
nonlinear,7,1.6,a045,0.035809969768766825
nonlinear,7,1.6,a070,0.05633457973604494
nonlinear,7,1.6,a100,0.07709419006136531
nonlinear,7,1.6,a150,0.1078468574773267
nonlinear,7,1.6,a200,0.12040113203670089
nonlinear,7,1.6,a300,0.13048858778732897
nonlinear,7,1.8,L0_null,-0.0029323240377089332
nonlinear,7,1.8,L1_redundant,0.0
nonlinear,7,1.8,a025,0.009723597720189048
nonlinear,7,1.8,a045,0.02098421921495419
nonlinear,7,1.8,a070,0.04355115981135538
nonlinear,7,1.8,a100,0.05992187049688169
nonlinear,7,1.8,a150,0.08156779105933032
nonlinear,7,1.8,a200,0.0957238129254524
nonlinear,7,1.8,a300,0.10053826906482843
nonlinear,7,2.0,L0_null,0.0007511535174177242
nonlinear,7,2.0,L1_redundant,0.0
nonlinear,7,2.0,a025,0.007396962919667405
nonlinear,7,2.0,a045,0.019732286956233414
nonlinear,7,2.0,a070,0.03845878788988599
nonlinear,7,2.0,a100,0.060749154070730005
nonlinear,7,2.0,a150,0.07953232249095421
nonlinear,7,2.0,a200,0.0937954546241907
nonlinear,7,2.0,a300,0.10193676601376156
nonlinear,8,0.0,L0_null,6.791531808780782e-05
nonlinear,8,0.0,L1_redundant,0.0
nonlinear,8,0.0,a025,0.07515716341187084
nonlinear,8,0.0,a045,0.11982721544074726
nonlinear,8,0.0,a070,0.15809325247581918
nonlinear,8,0.0,a100,0.21036557542314427
nonlinear,8,0.0,a150,0.23879337950492974
nonlinear,8,0.0,a200,0.2557864412810278
nonlinear,8,0.0,a300,0.27099472844796646
nonlinear,8,0.2,L0_null,-0.0015195768198540405
nonlinear,8,0.2,L1_redundant,0.0
nonlinear,8,0.2,a025,0.03480386202899288
nonlinear,8,0.2,a045,0.0762915807572414
nonlinear,8,0.2,a070,0.12935756483646843
nonlinear,8,0.2,a100,0.16727566311797915
nonlinear,8,0.2,a150,0.19917800207298197
nonlinear,8,0.2,a200,0.20881514999162065
nonlinear,8,0.2,a300,0.22862116610191752
nonlinear,8,0.4,L0_null,-0.0025325185981642795
nonlinear,8,0.4,L1_redundant,0.0
nonlinear,8,0.4,a025,0.02388914580987811
nonlinear,8,0.4,a045,0.07136400711862989
nonlinear,8,0.4,a070,0.11507394838784368
nonlinear,8,0.4,a100,0.14571057811646837
nonlinear,8,0.4,a150,0.1838559098061081
nonlinear,8,0.4,a200,0.1992063619836354
nonlinear,8,0.4,a300,0.21765453162538984
nonlinear,8,0.6,L0_null,-0.00019549243593697252
nonlinear,8,0.6,L1_redundant,0.0
nonlinear,8,0.6,a025,0.01869935165174441
nonlinear,8,0.6,a045,0.05277295461562226
nonlinear,8,0.6,a070,0.08991639394874962
nonlinear,8,0.6,a100,0.11995233096634761
nonlinear,8,0.6,a150,0.1618057425131214
nonlinear,8,0.6,a200,0.17779191108366776
nonlinear,8,0.6,a300,0.1901695585057116
nonlinear,8,0.8,L0_null,-0.0015403346011513275
nonlinear,8,0.8,L1_redundant,0.0
nonlinear,8,0.8,a025,0.023475183649101727
nonlinear,8,0.8,a045,0.04158965199582498
nonlinear,8,0.8,a070,0.08846403423108551
nonlinear,8,0.8,a100,0.11749292288714563
nonlinear,8,0.8,a150,0.14780354982445587
nonlinear,8,0.8,a200,0.16821276707205213
nonlinear,8,0.8,a300,0.18091104484280107
nonlinear,8,1.0,L0_null,-0.0001339754851035213
nonlinear,8,1.0,L1_redundant,0.0
nonlinear,8,1.0,a025,0.017513773926152054
nonlinear,8,1.0,a045,0.04200598814335643
nonlinear,8,1.0,a070,0.06579704321712643
nonlinear,8,1.0,a100,0.09929178689148943
nonlinear,8,1.0,a150,0.12811570895589341
nonlinear,8,1.0,a200,0.14053430171229386
nonlinear,8,1.0,a300,0.152870265867184
nonlinear,8,1.2,L0_null,-0.0014503882452331363
nonlinear,8,1.2,L1_redundant,0.0
nonlinear,8,1.2,a025,0.010481706399446011
nonlinear,8,1.2,a045,0.02972125833254391
nonlinear,8,1.2,a070,0.05637867730118762
nonlinear,8,1.2,a100,0.07841569107975133
nonlinear,8,1.2,a150,0.1028252074290451
nonlinear,8,1.2,a200,0.11490132019934496
nonlinear,8,1.2,a300,0.12660201493431866
nonlinear,8,1.4,L0_null,-0.0006010764835737703
nonlinear,8,1.4,L1_redundant,0.0
nonlinear,8,1.4,a025,0.007873664105951583
nonlinear,8,1.4,a045,0.02771419182233248
nonlinear,8,1.4,a070,0.058393360713065556
nonlinear,8,1.4,a100,0.07851447418442181
nonlinear,8,1.4,a150,0.1036622382987421
nonlinear,8,1.4,a200,0.12208995481731222
nonlinear,8,1.4,a300,0.1324493610263009
nonlinear,8,1.6,L0_null,0.00013847103289088558
nonlinear,8,1.6,L1_redundant,0.0
nonlinear,8,1.6,a025,0.008319080022893499
nonlinear,8,1.6,a045,0.02677963595100019
nonlinear,8,1.6,a070,0.049854789958661105
nonlinear,8,1.6,a100,0.0723213332316861
nonlinear,8,1.6,a150,0.09798518283585367
nonlinear,8,1.6,a200,0.10014955635179223
nonlinear,8,1.6,a300,0.11557342216521604
nonlinear,8,1.8,L0_null,-0.0008264120499879013
nonlinear,8,1.8,L1_redundant,0.0
nonlinear,8,1.8,a025,0.002563311582936323
nonlinear,8,1.8,a045,0.021741165124768425
nonlinear,8,1.8,a070,0.042671620523060394
nonlinear,8,1.8,a100,0.06298758341859367
nonlinear,8,1.8,a150,0.08217483362646394
nonlinear,8,1.8,a200,0.09324052064948263
nonlinear,8,1.8,a300,0.10724192396737142
nonlinear,8,2.0,L0_null,0.0002261493029955819
nonlinear,8,2.0,L1_redundant,0.0
nonlinear,8,2.0,a025,0.01098503693314068
nonlinear,8,2.0,a045,0.017762647877418325
nonlinear,8,2.0,a070,0.03894138649627665
nonlinear,8,2.0,a100,0.05609039678400951
nonlinear,8,2.0,a150,0.07602287916659156
nonlinear,8,2.0,a200,0.08862929796063512
nonlinear,8,2.0,a300,0.10024920129710535
nonlinear,9,0.0,L0_null,0.0014034017142448563
nonlinear,9,0.0,L1_redundant,0.0
nonlinear,9,0.0,a025,0.08955394142426165
nonlinear,9,0.0,a045,0.13654018948227076
nonlinear,9,0.0,a070,0.17636907634398225
nonlinear,9,0.0,a100,0.23402586000230408
nonlinear,9,0.0,a150,0.26024627091045527
nonlinear,9,0.0,a200,0.2775037905794373
nonlinear,9,0.0,a300,0.29403439075192017
nonlinear,9,0.2,L0_null,-0.000970860915888383
nonlinear,9,0.2,L1_redundant,0.0
nonlinear,9,0.2,a025,0.025614570092331146
nonlinear,9,0.2,a045,0.0782716749733241
nonlinear,9,0.2,a070,0.12958973466219847
nonlinear,9,0.2,a100,0.16331636484060263
nonlinear,9,0.2,a150,0.1980608794701748
nonlinear,9,0.2,a200,0.21337429383406392
nonlinear,9,0.2,a300,0.22721059390224807
nonlinear,9,0.4,L0_null,-0.0026865439863341667
nonlinear,9,0.4,L1_redundant,0.0
nonlinear,9,0.4,a025,0.025967978880347964
nonlinear,9,0.4,a045,0.056983803090302265
nonlinear,9,0.4,a070,0.10135370758599282
nonlinear,9,0.4,a100,0.13679086885627767
nonlinear,9,0.4,a150,0.173463157077413
nonlinear,9,0.4,a200,0.1934283096513707
nonlinear,9,0.4,a300,0.2035626368506872
nonlinear,9,0.6,L0_null,-4.026653517841261e-06
nonlinear,9,0.6,L1_redundant,0.0
nonlinear,9,0.6,a025,0.0076752896841651985
nonlinear,9,0.6,a045,0.05491318229966102
nonlinear,9,0.6,a070,0.09635000941382788
nonlinear,9,0.6,a100,0.11753801618495086
nonlinear,9,0.6,a150,0.15594448147745477
nonlinear,9,0.6,a200,0.17517272818343876
nonlinear,9,0.6,a300,0.1866787075808829
nonlinear,9,0.8,L0_null,-0.002824382063129738
nonlinear,9,0.8,L1_redundant,0.0
nonlinear,9,0.8,a025,0.021381251938508483
nonlinear,9,0.8,a045,0.0443857562370269
nonlinear,9,0.8,a070,0.07688808244725265
nonlinear,9,0.8,a100,0.11074761314925119
nonlinear,9,0.8,a150,0.14089030228803645
nonlinear,9,0.8,a200,0.1566010440111021
nonlinear,9,0.8,a300,0.17522501610453234
nonlinear,9,1.0,L0_null,0.001157619516959696
nonlinear,9,1.0,L1_redundant,0.0
nonlinear,9,1.0,a025,0.010087201749414132
nonlinear,9,1.0,a045,0.0353758216640474
nonlinear,9,1.0,a070,0.08115683392688333
nonlinear,9,1.0,a100,0.10349423710884842
nonlinear,9,1.0,a150,0.13313700253102612
nonlinear,9,1.0,a200,0.14838558111961841
nonlinear,9,1.0,a300,0.15842399622416392
nonlinear,9,1.2,L0_null,-0.00019381920684524712
nonlinear,9,1.2,L1_redundant,0.0
nonlinear,9,1.2,a025,0.008550817919555476
nonlinear,9,1.2,a045,0.027672102446651525
nonlinear,9,1.2,a070,0.05529528087143332
nonlinear,9,1.2,a100,0.0806810924546395
nonlinear,9,1.2,a150,0.11171894238026514
nonlinear,9,1.2,a200,0.11665463794722308
nonlinear,9,1.2,a300,0.13637940216096534
nonlinear,9,1.4,L0_null,-0.00019339526401784823
nonlinear,9,1.4,L1_redundant,0.0
nonlinear,9,1.4,a025,0.008317622574256056
nonlinear,9,1.4,a045,0.03216503496188561
nonlinear,9,1.4,a070,0.05650856999964082
nonlinear,9,1.4,a100,0.07975177855466686
nonlinear,9,1.4,a150,0.10546296587023918
nonlinear,9,1.4,a200,0.11755905154258983
nonlinear,9,1.4,a300,0.13286554863521838
nonlinear,9,1.6,L0_null,-0.0003637890199124083
nonlinear,9,1.6,L1_redundant,0.0
nonlinear,9,1.6,a025,0.009395230516673236
nonlinear,9,1.6,a045,0.021685986039925442
nonlinear,9,1.6,a070,0.049601749395355776
nonlinear,9,1.6,a100,0.07276594944798798
nonlinear,9,1.6,a150,0.09900550132207175
nonlinear,9,1.6,a200,0.11050877830549266
nonlinear,9,1.6,a300,0.1222353663579745
nonlinear,9,1.8,L0_null,0.0010831250000000736
nonlinear,9,1.8,L1_redundant,0.0
nonlinear,9,1.8,a025,0.010298375000000193
nonlinear,9,1.8,a045,0.02120925000000007
nonlinear,9,1.8,a070,0.04455462500000007
nonlinear,9,1.8,a100,0.06373200000000001
nonlinear,9,1.8,a150,0.08750825000000007
nonlinear,9,1.8,a200,0.09741450000000007
nonlinear,9,1.8,a300,0.10594600000000032
nonlinear,9,2.0,L0_null,-0.0007751111921423526
nonlinear,9,2.0,L1_redundant,0.0
nonlinear,9,2.0,a025,0.0073952369605073676
nonlinear,9,2.0,a045,0.018429489487225892
nonlinear,9,2.0,a070,0.042991623665109
nonlinear,9,2.0,a100,0.060872274322745
nonlinear,9,2.0,a150,0.08360169001788265
nonlinear,9,2.0,a200,0.09513294033484554
nonlinear,9,2.0,a300,0.10731157754411469
